population,raw_cosine,calibrated
whole corpus,0.15246125,0.008161778441408921
whole corpus,0.28982133,0.4214006310064647
whole corpus,0.46090463,0.9360935939874755
whole corpus,0.34478545,0.5867566196885332
whole corpus,0.24242584,0.278814410050557
whole corpus,0.21161471,0.18612113030661406
whole corpus,0.29761413,0.44484476397283834
whole corpus,0.38305807,0.7018973005800043
whole corpus,0.24078736,0.2738851287424346
whole corpus,0.359312,0.6304587866814143
whole corpus,0.27909648,0.3891356411062531
whole corpus,0.20886521,0.17784943073451298
whole corpus,0.21399723,0.19328877702117592
whole corpus,0.18621595,0.10971061289861708
whole corpus,0.47929433,0.9914178135799487
whole corpus,0.30129415,0.4559158660437982
whole corpus,0.35956055,0.6312065372768241
whole corpus,0.31622154,0.500823937773881
whole corpus,0.2772271,0.383511731771999
whole corpus,0.29104185,0.42507249885831305
whole corpus,0.3118444,0.4876556373603274
whole corpus,0.22933802,0.23944054448078247
whole corpus,0.358405,0.6277301246165817
whole corpus,0.2547301,0.3158309784195502
whole corpus,0.38609967,0.7110477415892291
whole corpus,0.27798688,0.3857974816136512
whole corpus,0.26189366,0.33738206509437907
whole corpus,0.27735937,0.3839096355061032
whole corpus,0.30312216,0.46141532959550685
whole corpus,0.26938558,0.3599210074119209
whole corpus,0.2751307,0.37720480516726146
whole corpus,0.28916287,0.419419719537042
whole corpus,0.26226825,0.3385089808298355
whole corpus,0.5139862,1.0
whole corpus,0.18814725,0.11552078744413781
whole corpus,0.3866217,0.7126182868146241
whole corpus,0.43466014,0.8571387520715
whole corpus,0.26337266,0.34183153977044684
whole corpus,0.23879775,0.2678995376453648
whole corpus,0.30629227,0.47095237738739437
whole corpus,0.280728,0.3940439871908709
whole corpus,0.21545352,0.19766993203852637
whole corpus,0.27700132,0.382832480151996
whole corpus,0.3039008,0.4637578331694005
whole corpus,0.33619016,0.5608982564724471
whole corpus,0.3243163,0.5251764890894984
whole corpus,0.15605988,0.01898802357279269
whole corpus,0.3553858,0.6186471066826265
whole corpus,0.19713697,0.14256577885329935
whole corpus,0.23790441,0.2652119839316108
whole corpus,0.3642192,0.6452217504151069
whole corpus,0.1404604,0.0
whole corpus,0.27455336,0.37546794371231185
whole corpus,0.13637352,0.0
whole corpus,0.213841,0.19281878797787394
whole corpus,0.19452122,0.13469646593254114
whole corpus,0.2837075,0.40300758020958805
whole corpus,0.19764942,0.14410745409167736
whole corpus,0.23468219,0.2555181236947146
whole corpus,0.20567629,0.16825576369790105
whole corpus,0.18482682,0.1055315029612134
whole corpus,0.36112595,0.6359159314943899
whole corpus,0.27455837,0.37548300631423376
whole corpus,0.34519407,0.5879859252537208
whole corpus,0.36295396,0.6414153950460985
whole corpus,0.32884055,0.5387874327511981
whole corpus,0.36360618,0.6433775679214636
whole corpus,0.27863526,0.3877480885625405
whole corpus,0.32477054,0.5265430615805341
whole corpus,0.30102628,0.4551100168409752
whole corpus,0.3377023,0.5654474312279029
whole corpus,0.3981476,0.7472932033639991
whole corpus,0.3740664,0.6748464813784325
whole corpus,0.4620997,0.9396888936128874
whole corpus,0.24694726,0.29241679134033083
whole corpus,0.2160443,0.19944727423614117
whole corpus,0.3614598,0.6369202842725411
whole corpus,0.19504783,0.1362807288846865
whole corpus,0.34614077,0.5908340122337915
whole corpus,0.22658433,0.23115624791124076
whole corpus,0.39140785,0.7270170583518474
whole corpus,0.24835396,0.2966487548719784
whole corpus,0.23396084,0.2533479882886477
whole corpus,0.60586625,1.0
whole corpus,0.19390261,0.1328354276700804
whole corpus,0.37061632,0.6644670934373992
whole corpus,0.4054677,0.7693151756655776
whole corpus,0.2038208,0.16267363515231137
whole corpus,0.51401925,1.0
whole corpus,0.24691726,0.2923265502163164
whole corpus,0.4156724,0.8000153584744597
whole corpus,0.30625504,0.47084039411477246
whole corpus,0.29214433,0.42838923000651413
whole corpus,0.27573398,0.37901975904050866
whole corpus,0.21874526,0.20757292036460642
whole corpus,0.53526616,1.0
whole corpus,0.5101552,1.0
whole corpus,0.24177092,0.2768441230949899
whole corpus,0.2483752,0.29671268127180184
whole corpus,0.45845625,0.9287278023309645
whole corpus,0.017048728,0.0
whole corpus,0.2570998,0.3229600720458595
whole corpus,0.27483064,0.3763021249520832
whole corpus,0.4894197,1.0
whole corpus,0.4559605,0.9212195435646087
whole corpus,0.14578912,0.0
whole corpus,0.5500413,1.0
whole corpus,0.017230596,0.0
whole corpus,0.30800813,0.47611445658772084
whole corpus,0.2347594,0.25575042846602236
whole corpus,0.33098015,0.5452242742975123
whole corpus,0.26685357,0.3523036344399758
whole corpus,0.30427352,0.4648791004291362
whole corpus,0.35611427,0.6208386256039218
whole corpus,0.26704866,0.35289053796486225
whole corpus,0.19261587,0.12896433897614565
whole corpus,0.22895418,0.23828578982927393
whole corpus,0.32264566,0.520150511256538
whole corpus,0.04862542,0.0
whole corpus,0.3792587,0.6904671168382271
whole corpus,0.303325,0.46202554429003434
whole corpus,0.31272295,0.49029867570590147
whole corpus,0.2884468,0.4172654984871723
whole corpus,0.33787954,0.5659806294042701
whole corpus,0.10988408,0.0
whole corpus,0.16635838,0.049970406021848934
whole corpus,0.31566912,0.49916203069516196
whole corpus,0.39694285,0.7436687647765358
whole corpus,0.2689998,0.35876038013882966
whole corpus,0.27429837,0.3747008269144309
whole corpus,0.20939925,0.1794560634436793
whole corpus,0.29838848,0.4471743567450847
whole corpus,0.4024356,0.7601933356683355
whole corpus,0.17627814,0.07981336539635286
whole corpus,0.37558907,0.6794273055295932
whole corpus,0.33400226,0.5543160787492554
whole corpus,0.271326,0.36575866224011466
whole corpus,0.34323055,0.5820787852083277
whole corpus,0.109759495,0.0
whole corpus,0.3374036,0.5645487856382394
whole corpus,0.5299518,1.0
whole corpus,0.32424164,0.5249518949358412
whole corpus,0.40184623,0.7584202522420974
whole corpus,0.3641956,0.6451507410060464
whole corpus,0.2533205,0.31159022837011485
whole corpus,0.27667713,0.3818571766775513
whole corpus,0.29059675,0.42373345147912284
whole corpus,0.12425653,0.0
whole corpus,0.17880493,0.08741504815796258
whole corpus,0.3877539,0.7160244073325642
whole corpus,0.3141886,0.49470798344351075
whole corpus,0.23817085,0.26601352953388463
whole corpus,0.2786118,0.38767752744520384
whole corpus,0.29248366,0.42941007992010366
whole corpus,0.26766157,0.35473445148347127
whole corpus,0.2635899,0.3424850594454999
whole corpus,0.34824,0.5971493667229377
whole corpus,0.21476635,0.1956026347539145
whole corpus,0.31885755,0.5087542183690851
whole corpus,0.51953626,1.0
whole corpus,0.1908133,0.12354144365087345
whole corpus,0.25964084,0.3306046114962709
whole corpus,0.41486856,0.7975970935992325
whole corpus,0.30815434,0.476554320427179
whole corpus,0.2386136,0.26734553873301015
whole corpus,0.5793086,1.0
whole corpus,0.16263378,0.03876517506710815
whole corpus,0.28833377,0.41692542438544694
whole corpus,0.27712408,0.3832017828741175
whole corpus,0.25294876,0.31047191983575667
whole corpus,0.37552828,0.6792444025062556
whole corpus,0.227782,0.23475934781264796
whole corpus,0.25722188,0.32332731262605124
whole corpus,0.33152616,0.5468669048321051
whole corpus,0.44263393,0.8811273801656824
whole corpus,0.38293713,0.701533467016914
whole corpus,0.33183515,0.5477964825507153
whole corpus,0.45406753,0.9155246248212942
whole corpus,0.3270313,0.5333444539566967
whole corpus,0.29645178,0.4413479092099876
whole corpus,0.39994013,0.7526858838270826
whole corpus,0.3413447,0.5764053844677587
whole corpus,0.3679905,0.6565674759961075
whole corpus,0.28098392,0.3948138833974398
whole corpus,0.29424006,0.4346940944693219
whole corpus,0.2694582,0.36013950479813356
whole corpus,0.30455032,0.4657118471353912
whole corpus,0.4205005,0.8145403689611238
whole corpus,0.5155782,1.0
whole corpus,0.21920249,0.20894845869011938
whole corpus,0.078148305,0.0
whole corpus,0.26786852,0.35535703902957755
whole corpus,0.3996871,0.7519246844799568
whole corpus,0.42231858,0.820009976284023
whole corpus,0.102116324,0.0
whole corpus,0.36520872,0.648198676436617
whole corpus,0.25595546,0.3195173709232519
whole corpus,0.2054573,0.16759695418050635
whole corpus,0.38045955,0.6940798101825251
whole corpus,0.37348416,0.6730948262965952
whole corpus,0.32942614,0.54054912956765
whole corpus,0.3386625,0.5683361334381559
whole corpus,0.33939683,0.5705453150533716
whole corpus,0.29024807,0.4226844488452745
whole corpus,0.43902493,0.8702699339303175
whole corpus,0.37049198,0.6640930388230047
whole corpus,0.3019443,0.4578717628350291
whole corpus,0.3731145,0.6719827041880264
whole corpus,0.32224798,0.5189541103038822
whole corpus,0.2203537,0.2124117812320249
whole corpus,0.54345095,1.0
whole corpus,0.30159795,0.45682984321041786
whole corpus,0.2293799,0.23956655928436144
whole corpus,0.28005767,0.39202730204188363
whole corpus,0.32106805,0.5154043571176151
whole corpus,0.20622876,0.16991785009330967
whole corpus,0.39514863,0.7382709737878002
whole corpus,0.29409662,0.4342625688559277
whole corpus,0.13265303,0.0
whole corpus,0.32072145,0.5143616305679009
whole corpus,0.16800076,0.05491138774396428
whole corpus,0.29794183,0.4458306471319663
whole corpus,0.2683105,0.3566866722825665
whole corpus,0.2474654,0.29397559132256057
whole corpus,0.34493205,0.5871976490864733
whole corpus,0.57351696,1.0
whole corpus,0.32758763,0.5350181062785812
whole corpus,0.22101334,0.21439627903523856
whole corpus,0.26739025,0.35391820191265455
whole corpus,0.21132523,0.18525023397465798
whole corpus,0.29984704,0.4515623257966379
whole corpus,0.22257209,0.21908567944191984
whole corpus,0.2315006,0.2459465126109169
whole corpus,0.14343306,0.0
whole corpus,0.30382413,0.46352714224829866
whole corpus,0.37792924,0.6864675477362322
whole corpus,0.15119523,0.004353047126264009
whole corpus,0.16764364,0.053837011798545054
whole corpus,0.26763296,0.35464837947248884
whole corpus,0.3614667,0.6369410850085285
whole corpus,0.4964851,1.0
whole corpus,0.28991598,0.42168538590946486
whole corpus,0.12905852,0.0
whole corpus,0.3296792,0.5413104185731206
whole corpus,0.3664521,0.6519393122389064
whole corpus,0.47147915,0.9679063471966503
whole corpus,0.19617692,0.1396775249347702
whole corpus,0.4115945,0.7877473175007754
whole corpus,0.30620027,0.47067560207707904
whole corpus,0.34883878,0.5989507821861242
whole corpus,0.12428411,0.0
whole corpus,0.28036785,0.3929604660942848
whole corpus,0.34993583,0.6022511955155765
whole corpus,0.3806741,0.6947252606065486
whole corpus,0.30973992,0.48132441334415627
whole corpus,0.287382,0.4140620954867648
whole corpus,0.38700652,0.7137759553623378
whole corpus,0.32914615,0.5397067894185043
whole corpus,0.31448394,0.4955964976402148
whole corpus,0.28540218,0.4081059123267806
whole corpus,0.31437808,0.4952780311995798
whole corpus,0.5190343,1.0
whole corpus,0.3666067,0.6524044597315907
whole corpus,0.36097467,0.6354608257363202
whole corpus,0.29609287,0.44026815376388195
whole corpus,0.3740803,0.6748882621670969
whole corpus,0.30536515,0.4681631959398398
whole corpus,0.13423496,0.0
whole corpus,0.21744844,0.20367152715013823
whole corpus,0.34184468,0.5779094928596766
whole corpus,0.3216462,0.5171437290062184
whole corpus,0.3522687,0.6092694714277459
whole corpus,0.24996097,0.30148335696802014
whole corpus,0.36409894,0.6448599789939464
whole corpus,0.36533597,0.6485815175687992
whole corpus,0.26412803,0.34410402017707253
whole corpus,0.25411773,0.3139886787511471
whole corpus,0.28263012,0.39976634138768613
whole corpus,0.38361698,0.703578753177884
whole corpus,0.4573992,0.9255477105001981
whole corpus,0.34546345,0.5887963470321272
whole corpus,0.3556589,0.6194686460957848
whole corpus,0.3146494,0.4960942807703965
whole corpus,0.24566844,0.28856955176610577
whole corpus,0.2538951,0.3133189309156901
whole corpus,0.23946941,0.26992016776152206
whole corpus,0.35552955,0.6190795288794684
whole corpus,0.28965622,0.4209039237764202
whole corpus,0.38824213,0.7174931903366415
whole corpus,0.29147175,0.4263658204816688
whole corpus,0.39226615,0.7295992186813203
whole corpus,0.30761594,0.4749345527705034
whole corpus,0.1970612,0.1423378225117131
whole corpus,0.33055156,0.5439348976413265
whole corpus,0.4817316,0.9987501626738593
whole corpus,0.2961992,0.4405880547380333
whole corpus,0.45203435,0.9094079532241657
whole corpus,0.39856,0.7485338058806281
whole corpus,0.37021038,0.6632458571232411
whole corpus,0.2233299,0.22136551183281694
whole corpus,0.39416468,0.7353108138767627
whole corpus,0.22542034,0.22765446193942745
whole corpus,0.2124464,0.18862322573420434
whole corpus,0.2523427,0.3086486277364455
whole corpus,0.40342718,0.7631764481156349
whole corpus,0.29940104,0.4502205886671045
whole corpus,0.30756244,0.4747736160416352
whole corpus,0.26598257,0.34968327965562945
whole corpus,0.32970572,0.5413902144999689
whole corpus,0.36858493,0.6583558013409571
whole corpus,0.46962467,0.9623272670347829
whole corpus,0.3612888,0.6364058246902315
whole corpus,0.066163644,0.0
whole corpus,0.22114064,0.21477925465493797
whole corpus,0.3245412,0.525853140617503
whole corpus,0.17747131,0.08340292688769929
whole corpus,0.329476,0.5406991279784558
whole corpus,0.24958181,0.30034267867664105
whole corpus,0.29023558,0.42264688199881445
whole corpus,0.18501492,0.10609738160425049
whole corpus,0.23331586,0.2514076023910625
whole corpus,0.1433059,0.0
whole corpus,0.39660412,0.7426497080298416
whole corpus,0.28888994,0.41859862841560747
whole corpus,0.35358143,0.6132187421983231
whole corpus,0.22709712,0.23269895422058365
whole corpus,0.19844888,0.14651258401939526
whole corpus,0.47732514,0.9854936384490487
whole corpus,0.36764914,0.6555405293150735
whole corpus,0.3039529,0.46391455595606435
whole corpus,0.32510915,0.527561759693849
whole corpus,0.30340034,0.4622522005856214
whole corpus,0.25071773,0.3037600064876778
whole corpus,0.28915495,0.41939587041733223
whole corpus,0.3586801,0.6285577607971846
whole corpus,0.1655083,0.04741299139553348
whole corpus,0.48009574,0.9938288161292493
whole corpus,0.3783583,0.6877583589259343
whole corpus,0.330972,0.5451997079110444
whole corpus,0.3492181,0.6000919535983995
whole corpus,0.18202075,0.09708963185073248
whole corpus,0.3183174,0.5071292505284126
whole corpus,0.1637211,0.04203631494699197
whole corpus,0.30787906,0.4757261462965074
whole corpus,0.13862461,0.0
whole corpus,0.17052814,0.06251486367246946
whole corpus,0.2024791,0.1586372164706145
whole corpus,0.3668958,0.6532741456758924
whole corpus,0.3677883,0.6559592337851651
whole corpus,0.25585493,0.3192149533263313
whole corpus,0.31850493,0.5076933808337267
whole corpus,0.30849773,0.4775873638756577
whole corpus,0.18810967,0.1154077282713786
whole corpus,0.5438134,1.0
whole corpus,0.26303515,0.34081615901588846
whole corpus,0.3600651,0.6327244530538372
whole corpus,0.23987031,0.2711262518154134
whole corpus,0.40749633,0.7754182191943005
whole corpus,0.27111778,0.36513221938518314
whole corpus,0.39406878,0.7350222933232821
whole corpus,0.33812982,0.5667335801836768
whole corpus,0.38298577,0.7016797894355842
whole corpus,0.31971818,0.5113433720494504
whole corpus,0.3197332,0.5113885598552161
whole corpus,0.18225239,0.09778650133548346
whole corpus,0.40439993,0.7661028964890375
whole corpus,0.349268,0.6002420416675501
whole corpus,0.2186853,0.2073925277749224
whole corpus,0.28810823,0.41624689003220217
whole corpus,0.32138765,0.5163658532069647
whole corpus,0.21220887,0.18790860389718825
whole corpus,0.39262912,0.7306911676623151
whole corpus,0.23013806,0.24184742274622345
whole corpus,0.41111222,0.7862963765073081
whole corpus,0.24958102,0.30034030273050455
whole corpus,0.30326742,0.4618523243679322
whole corpus,0.20890802,0.17797822494677992
whole corpus,0.2558216,0.31911462563852994
whole corpus,0.2781459,0.38627589854136185
whole corpus,0.32223755,0.5189227298832115
whole corpus,0.32753563,0.5348616524669516
whole corpus,0.109759495,0.0
whole corpus,0.22298935,0.22034098592709173
whole corpus,0.27042657,0.3630527733948545
whole corpus,0.37099293,0.6656001059403002
whole corpus,0.24992773,0.3013833430844255
whole corpus,0.34880754,0.5988568202408017
whole corpus,0.37867332,0.6887060476301887
whole corpus,0.23708375,0.26274306209158665
whole corpus,0.2151761,0.1968353473362035
whole corpus,0.43844298,0.8685191754319279
whole corpus,0.30485776,0.46663676262007325
whole corpus,0.2954106,0.43821560527698533
whole corpus,0.101370476,0.0
whole corpus,0.35619146,0.6210708407168848
whole corpus,0.45290327,0.9120220319243778
whole corpus,0.12491846,0.0
whole corpus,0.27981168,0.3912872620641243
whole corpus,0.14336199,0.0
whole corpus,0.3114751,0.4865445911518959
whole corpus,0.24452549,0.2851310645857025
whole corpus,0.17855562,0.086665011274761
whole corpus,0.06137778,0.0
whole corpus,0.26725832,0.35352128442034286
whole corpus,0.2964576,0.4413653925872184
whole corpus,0.3989153,0.7496027126670162
whole corpus,0.32388526,0.5238797604490413
whole corpus,0.34744045,0.594744012649358
whole corpus,0.52826,1.0
whole corpus,0.32701945,0.5333087699354769
whole corpus,0.1235332,0.0
whole corpus,0.2683275,0.3567378671974321
whole corpus,0.4651903,0.9489867329409197
whole corpus,0.18184966,0.0965749032933886
whole corpus,0.392589,0.7305704875302501
whole corpus,0.369229,0.6602934078298542
whole corpus,0.18137911,0.09515928768776194
whole corpus,0.54175204,1.0
whole corpus,0.16658783,0.050660685618259066
whole corpus,0.10596162,0.0
whole corpus,0.19933057,0.14916508132034287
whole corpus,0.32348603,0.5226786972624573
whole corpus,0.2887283,0.41811232155355676
whole corpus,0.27322033,0.371457615608944
whole corpus,0.3283419,0.5372872693264502
whole corpus,0.2788223,0.38831078433433813
whole corpus,0.39422596,0.7354951514336168
whole corpus,0.44708094,0.8945059293977294
whole corpus,0.38174647,0.6979514368265285
whole corpus,0.5459672,1.0
whole corpus,0.22020805,0.21197362090111746
whole corpus,0.2963786,0.441127797973569
whole corpus,0.24335378,0.28160605710259284
whole corpus,0.2197839,0.21069760333830295
whole corpus,0.30638862,0.47124224281604665
whole corpus,0.30424678,0.4647986768938745
whole corpus,0.2826162,0.399724470940677
whole corpus,0.3182159,0.5068238742061146
whole corpus,0.21212089,0.18764393246341726
whole corpus,0.46477014,0.9477227295963048
whole corpus,0.25552318,0.31821687663231424
whole corpus,0.33438873,0.5554787681642763
whole corpus,0.20815994,0.1757276660054513
whole corpus,0.4391429,0.8706248913172752
whole corpus,0.36761266,0.6554307875010709
whole corpus,0.2900254,0.42201461135147267
whole corpus,0.39489964,0.7375218783172187
whole corpus,0.27013287,0.362169190407113
whole corpus,0.39848614,0.7483116325022797
whole corpus,0.5611937,1.0
whole corpus,0.38513213,0.7081369834261618
whole corpus,0.15664208,0.020739544167112753
whole corpus,0.33441117,0.5555462808978907
whole corpus,0.26829848,0.35665053996962287
whole corpus,0.31806067,0.5063568438881901
whole corpus,0.3858456,0.7102834042000362
whole corpus,0.37206224,0.6688170473507685
whole corpus,0.319076,0.5094114140362739
whole corpus,0.3054034,0.4682783172545288
whole corpus,0.28287315,0.40049750518931293
whole corpus,0.4900539,1.0
whole corpus,0.40378958,0.764266693588079
whole corpus,0.19398755,0.1330909539526845
whole corpus,0.23715033,0.2629433588338103
whole corpus,0.18948522,0.119545998832738
whole corpus,0.28955263,0.420592271369988
whole corpus,0.41910085,0.8103296544571875
whole corpus,0.3048673,0.4666654532904007
whole corpus,0.30740964,0.47431393770798214
whole corpus,0.25130445,0.30552511032123103
whole corpus,0.3952534,0.7385861228696785
whole corpus,0.2700792,0.36200771572817614
whole corpus,0.10229185,0.0
whole corpus,0.3722753,0.6694580148575533
whole corpus,0.5328193,1.0
whole corpus,0.35655582,0.6221670036400839
whole corpus,0.27113056,0.3651706828150909
whole corpus,0.48147404,0.9979753352583279
whole corpus,0.443094,0.8825114360339488
whole corpus,0.20727596,0.17306826501195616
whole corpus,0.3254736,0.5286581915920825
whole corpus,0.12456568,0.0
whole corpus,0.3590768,0.6297512030244629
whole corpus,0.36070484,0.6346490590827423
whole corpus,0.32075948,0.5144760346158317
whole corpus,0.23857506,0.26722956566404577
whole corpus,0.1804212,0.09227748917005646
whole corpus,0.2158727,0.19893102148693612
whole corpus,0.24756229,0.29426707060141877
whole corpus,0.29923123,0.4497097154185859
whole corpus,0.3901837,0.7233342521819367
whole corpus,0.23325789,0.25123321691047834
whole corpus,0.27019593,0.36235890746465343
whole corpus,0.4444626,0.886628816200976
whole corpus,0.29718292,0.44354749738231253
whole corpus,0.264466,0.3451207458068025
whole corpus,0.40390885,0.7646255062838619
whole corpus,0.21257678,0.18901543616341543
whole corpus,0.18389627,0.10273201080400986
whole corpus,0.25003746,0.301713465109881
whole corpus,0.20941195,0.17949425789855275
whole corpus,0.2264655,0.23079873526145694
whole corpus,0.39381403,0.7342558937921593
whole corpus,0.18533592,0.1070630916358044
whole corpus,0.23132193,0.24540901083400057
whole corpus,0.2778377,0.3853486519397157
whole corpus,0.31896943,0.5090907957953643
whole corpus,0.35011545,0.6027915663595256
whole corpus,0.2577996,0.3250653396394829
whole corpus,0.35843033,0.627806334209639
whole corpus,0.2986658,0.4480086276432009
whole corpus,0.2793492,0.3898959438699312
whole corpus,0.32251936,0.5197705391913884
whole corpus,0.23777774,0.2648308911371516
whole corpus,0.2216067,0.21618137667967624
whole corpus,0.35432357,0.6154514142998694
whole corpus,0.2408996,0.2742227820688511
whole corpus,0.5128584,1.0
whole corpus,0.38323852,0.702440181857607
whole corpus,0.24709702,0.292867324522817
whole corpus,0.27956676,0.3905504497867768
whole corpus,0.5383575,1.0
whole corpus,0.3344846,0.5557671990594122
whole corpus,0.45815533,0.9278225220237879
whole corpus,0.28670126,0.4120141195754516
whole corpus,0.572997,1.0
whole corpus,0.23073258,0.2436359722369349
whole corpus,0.29980922,0.45144854935712053
whole corpus,0.13201262,0.0
whole corpus,0.29903328,0.4491142046926012
whole corpus,0.26369917,0.34281383659578385
whole corpus,0.38282713,0.7012025380663555
whole corpus,0.26171505,0.3368447426341523
whole corpus,0.23662424,0.2613606649026985
whole corpus,0.5143388,1.0
whole corpus,0.19435766,0.13420442093642493
whole corpus,0.19805461,0.14532644894721602
whole corpus,0.32383662,0.5237334380303711
whole corpus,0.2301782,0.24196819253663315
whole corpus,0.28034732,0.39289869149473594
whole corpus,0.21470293,0.1954118417962368
whole corpus,0.43946895,0.8716057536090958
whole corpus,0.34758484,0.5951784073297849
whole corpus,0.19669007,0.14122130714425038
whole corpus,0.30774593,0.47532564247040476
whole corpus,0.22847396,0.23684108009076832
whole corpus,0.27932882,0.38983461756210624
whole corpus,0.1964789,0.1405860329423587
whole corpus,0.22346441,0.22177018477195154
whole corpus,0.25746962,0.3240726424461522
whole corpus,0.2123237,0.1882540574996
whole corpus,0.3932009,0.7324113526651369
whole corpus,0.30645543,0.4714432568250286
whole corpus,0.35352513,0.6130493775850462
whole corpus,0.31439197,0.49531981198824415
whole corpus,0.2826917,0.3999515755279879
whole corpus,0.27730766,0.3837540782779214
whole corpus,0.33286738,0.5509018889802856
whole corpus,0.23958808,0.2702771872904096
whole corpus,0.25644147,0.3209795192098159
whole corpus,0.5070925,1.0
whole corpus,0.4209591,0.8159200315704963
whole corpus,0.40369207,0.7639733314839805
whole corpus,0.26166114,0.3366825506884573
whole corpus,0.22418565,0.22393996154463935
whole corpus,0.33163473,0.5471935301821145
whole corpus,0.14131336,0.0
whole corpus,0.5458358,1.0
whole corpus,0.22933802,0.23944054448078247
whole corpus,0.18282892,0.0995209420151242
whole corpus,0.2903817,0.42308647686323825
whole corpus,0.48219952,1.0
whole corpus,0.2812006,0.3954656995639422
whole corpus,0.3655917,0.6493508758252995
whole corpus,0.29783115,0.445497656039478
whole corpus,0.29510647,0.43730064186857315
whole corpus,0.30792773,0.4758725583735223
whole corpus,0.2232281,0.22105923892707113
whole corpus,0.21052155,0.18283241739115466
whole corpus,0.28403604,0.4039959738023696
whole corpus,0.33951885,0.5709123763168737
whole corpus,0.24145156,0.2758833442723985
whole corpus,0.32873338,0.5384650213433931
whole corpus,0.33487672,0.5569468339015954
whole corpus,0.15039924,0.001958362395712215
whole corpus,0.28310242,0.40118724683565443
whole corpus,0.17191023,0.06667276941133424
whole corpus,0.44617414,0.8917778949413103
whole corpus,0.26078963,0.3340606717122498
whole corpus,0.40500492,0.7679229608879368
whole corpus,0.3895434,0.7214080323028257
whole corpus,0.30072567,0.45420563311724627
whole corpus,0.37299186,0.6716137600992841
whole corpus,0.38331744,0.7026775971545669
whole corpus,0.12300653,0.0
whole corpus,0.26668867,0.3518075548183448
whole corpus,0.19607452,0.1393694588621289
whole corpus,0.25288075,0.31026731949298386
whole corpus,0.3756084,0.6794854937953512
whole corpus,0.24386582,0.28314647712414404
whole corpus,0.38001463,0.6927413007534036
whole corpus,0.27354184,0.3724248498323591
whole corpus,0.21881035,0.20776873418959144
whole corpus,0.38287246,0.7013389084087558
whole corpus,0.32072347,0.5143677273353455
whole corpus,0.26860726,0.3575794900798197
whole corpus,0.34610492,0.5907261532450291
whole corpus,0.4334218,0.8534132685294772
whole corpus,0.3867096,0.7128826892733608
whole corpus,0.33994687,0.5722000494645089
whole corpus,0.38624078,0.7114722738517311
whole corpus,0.26251867,0.3392623799009661
whole corpus,0.22508796,0.22665450242017013
whole corpus,0.38330057,0.7026268505314252
whole corpus,0.2108543,0.18383349763972165
whole corpus,0.23447546,0.25489620858619416
whole corpus,0.25792092,0.32543033876105526
whole corpus,0.24902856,0.2986782611642683
whole corpus,0.30231225,0.4589787744179459
whole corpus,0.2520888,0.3078847386389765
whole corpus,0.4607565,0.9356479920139519
whole corpus,0.17865172,0.08695411460748272
whole corpus,0.36334723,0.6425985265637278
whole corpus,0.33945048,0.5707067000739636
whole corpus,0.26937902,0.35990128257607074
whole corpus,0.3021068,0.4583606697890783
whole corpus,0.29497644,0.436909462510327
whole corpus,0.23279378,0.24983696750732273
whole corpus,0.21623197,0.20001185283317904
whole corpus,0.37105602,0.6657899126561854
whole corpus,0.46304134,0.9425217386743466
whole corpus,0.29862988,0.44790058933774896
whole corpus,0.42255366,0.8207172013075952
whole corpus,0.26323038,0.3414035108324988
whole corpus,0.36849898,0.6580972266746307
whole corpus,0.37744176,0.6850010061907742
whole corpus,0.18414411,0.10347760959914516
whole corpus,0.29319033,0.4315360585913697
whole corpus,0.34399518,0.5843791493601779
whole corpus,0.38231516,0.6996622973614939
whole corpus,0.109759495,0.0
whole corpus,0.3067614,0.47236377905081667
whole corpus,0.28513807,0.4073113600753991
whole corpus,0.24991916,0.30135756631030314
whole corpus,0.46139273,0.9375620183581737
whole corpus,0.22398421,0.22333396079231618
whole corpus,0.23808903,0.2657673725483094
whole corpus,0.3673805,0.6547323489952863
whole corpus,0.3226884,0.520279081322943
whole corpus,0.51281476,1.0
whole corpus,0.27959725,0.3906421702734799
whole corpus,0.17218734,0.06750645753020937
whole corpus,0.36776322,0.6558837414588659
whole corpus,0.28401697,0.40393859246171465
whole corpus,0.5208967,1.0
whole corpus,0.40708265,0.7741736717105014
whole corpus,0.22208413,0.21761770336294553
whole corpus,0.122536644,0.0
whole corpus,0.33338812,0.5524684892385107
whole corpus,0.29709402,0.4432800465398536
whole corpus,0.15108743,0.004028752893218749
whole corpus,0.34175682,0.5776451800592848
whole corpus,0.2862814,0.41075101281428444
whole corpus,0.22792596,0.23519244244707568
whole corpus,0.20885679,0.1778241022521145
whole corpus,0.34746593,0.5948206705341391
whole corpus,0.2474892,0.29404718351086206
whole corpus,0.3280361,0.5363672850507307
whole corpus,0.33274814,0.5505431659428474
whole corpus,0.35661146,0.6223343957697759
whole corpus,0.37099302,0.6656003749153345
whole corpus,0.3221631,0.5186987633379676
whole corpus,0.387777,0.7160938925497636
whole corpus,0.42350006,0.8235643917042182
whole corpus,0.29659328,0.4417736070309715
whole corpus,0.4037826,0.764245713535402
whole corpus,0.18771647,0.11422482089961121
whole corpus,0.3620666,0.6387458178304716
whole corpus,0.3406381,0.5742795851131822
whole corpus,0.37177426,0.6679506787652235
whole corpus,0.31215736,0.48859713963879253
whole corpus,0.1655418,0.047513767375058746
whole corpus,0.22884774,0.23796557505091584
whole corpus,0.28136864,0.3959712829701192
whole corpus,0.35213208,0.6088584775753049
whole corpus,0.17030494,0.06184336749928934
whole corpus,0.3326082,0.5501221303557916
whole corpus,0.27691352,0.38256834666829365
whole corpus,0.33378777,0.5536708076419214
whole corpus,0.26265588,0.33967516692030264
whole corpus,0.30542523,0.4683439471629029
whole corpus,0.37374628,0.673883371438877
whole corpus,0.18177602,0.09635335752345361
whole corpus,0.21350981,0.19182241479240753
whole corpus,0.28623137,0.41060047645340997
whole corpus,0.2247964,0.2257773748332523
whole corpus,0.2916265,0.4268314162660769
whole corpus,0.2836663,0.40288367237711126
whole corpus,0.33788395,0.5659938988392965
whole corpus,0.28438944,0.40505914245469216
whole corpus,0.20727596,0.17306826501195616
whole corpus,0.4802726,0.9943608487471345
whole corpus,0.34681445,0.5928607391173933
whole corpus,0.343675,0.5834158601039329
whole corpus,0.23569217,0.25855660016991155
whole corpus,0.27479577,0.3761972246886984
whole corpus,0.23115802,0.24491588993774707
whole corpus,0.37419856,0.6752440264791576
whole corpus,0.14569952,0.0
whole corpus,0.15939635,0.02902558907437756
whole corpus,0.22807592,0.23564360323797526
whole corpus,0.39145556,0.7271606013618296
whole corpus,0.23909903,0.2688058938526787
whole corpus,0.39304194,0.7319331150541157
whole corpus,0.19875081,0.1474209127102942
whole corpus,0.17010492,0.06124162551834291
whole corpus,0.11304903,0.0
whole corpus,0.18865813,0.11705775561941521
whole corpus,0.16950595,0.059439672105087826
whole corpus,0.17520115,0.07657329213293303
whole corpus,0.34480697,0.5868213530134595
whole corpus,0.08802851,0.0
whole corpus,0.42036778,0.814141120351848
whole corpus,0.36190236,0.6382517106924256
whole corpus,0.17256308,0.06863682511193957
whole corpus,0.23433115,0.25446203805162915
whole corpus,0.29848176,0.44745498736422534
whole corpus,0.2993905,0.4501888496130548
whole corpus,0.3244731,0.5256482712996959
whole corpus,0.0793774,0.0
whole corpus,0.24234658,0.2785759636826322
whole corpus,0.35983634,0.6320362355993568
whole corpus,0.17492728,0.07574937677363819
whole corpus,0.24634963,0.29061887255259056
whole corpus,0.29090184,0.4246512839545678
whole corpus,0.17467678,0.07499575355664567
whole corpus,0.2759687,0.3797259081639437
whole corpus,0.25360888,0.31245785217248667
whole corpus,0.46947622,0.9618806788194668
whole corpus,0.35623896,0.6212137561184535
whole corpus,0.37099302,0.6656003749153345
whole corpus,0.27289793,0.37048769163518575
whole corpus,0.19214529,0.1275486337121742
whole corpus,0.3091128,0.4794377327950904
whole corpus,0.4273495,0.8351452014652146
whole corpus,0.15734604,0.0228573639290044
whole corpus,0.39604473,0.7409668208984457
whole corpus,0.22747938,0.2338489569798192
whole corpus,0.22182855,0.21684879339816918
whole corpus,0.31780335,0.5055827337394169
whole corpus,0.23287404,0.2500784174297974
whole corpus,0.27282012,0.3702535936969825
whole corpus,0.2676933,0.3548299376206549
whole corpus,0.275422,0.3780812154874211
whole corpus,0.25727326,0.3234818836124405
whole corpus,0.10644274,0.0
whole corpus,0.20151305,0.1557309412247859
whole corpus,0.26949406,0.3602473637868959
whole corpus,0.32222316,0.5188794249026859
whole corpus,0.32105762,0.5153729766969445
whole corpus,0.3254711,0.5286506602911215
whole corpus,0.58185804,1.0
whole corpus,0.28041333,0.39309728472840894
whole corpus,0.20765057,0.17419527040575736
whole corpus,0.27116144,0.3652635688602761
whole corpus,0.22946739,0.23982975135544365
whole corpus,0.21805675,0.20550158845447977
whole corpus,0.2831928,0.401459180595352
whole corpus,0.41410387,0.7952965501306928
whole corpus,0.32945827,0.5406457812633156
whole corpus,0.39432356,0.7357887825127495
whole corpus,0.28661358,0.41175034472512834
whole corpus,0.3322592,0.5490722311384956
whole corpus,0.31967816,0.5112229608924197
whole corpus,0.283593,0.4026631128489688
whole corpus,0.19926037,0.14895389108922918
whole corpus,0.09980133,0.0
whole corpus,0.24770239,0.2946885544801984
whole corpus,0.2776518,0.38478936318501944
whole corpus,0.28222796,0.39855649168331436
whole corpus,0.20864907,0.17719918358904416
whole corpus,0.30125484,0.4557976066870421
whole corpus,0.30804095,0.4762131704253163
whole corpus,0.31085926,0.4846918911154991
whole corpus,0.16264835,0.038809017997702325
whole corpus,0.18670195,0.11117271635600873
whole corpus,0.38527527,0.7085676124561083
whole corpus,0.2609503,0.334544019848923
whole corpus,0.20947927,0.1796967960993958
whole corpus,0.10471131,0.0
whole corpus,0.22568972,0.22846488371783388
whole corpus,0.23065512,0.24340295019886893
whole corpus,0.2537717,0.31294765570998356
whole corpus,0.28531784,0.40785217921107203
whole corpus,0.22227424,0.21818963394425483
whole corpus,0.38316318,0.70221352556202
whole corpus,0.52521205,1.0
whole corpus,0.289891,0.4216102522165448
whole corpus,0.39396936,0.7347231930851181
whole corpus,0.3271768,0.5337821659958802
whole corpus,0.3389656,0.569247958804501
whole corpus,0.23888364,0.26815793299500157
whole corpus,0.33358324,0.5530554824217419
whole corpus,0.3141669,0.49464271216851574
whole corpus,0.18349636,0.10152888547549609
whole corpus,0.28944957,0.42028223281376176
whole corpus,0.26383668,0.3432275201985681
whole corpus,0.08403233,0.0
whole corpus,0.23734516,0.26352950026276617
whole corpus,0.47855198,0.9891845138699891
whole corpus,0.31128374,0.48596889492010614
whole corpus,0.18527125,0.10686853302764619
whole corpus,0.31156373,0.4868112350692519
whole corpus,0.18633741,0.11007601548274093
whole corpus,0.3529938,0.6114508589560819
whole corpus,0.2613312,0.3356899431534714
whole corpus,0.3488882,0.5990994357217584
whole corpus,0.5258882,1.0
whole corpus,0.24025029,0.2722693957112738
whole corpus,0.43782225,0.8666517714269883
whole corpus,0.3395897,0.5711254942024
whole corpus,0.2988845,0.4486666302354926
whole corpus,0.29564872,0.4389319754517245
whole corpus,0.43679738,0.8635685106085771
whole corpus,0.4756534,0.9804643432573316
whole corpus,0.39452282,0.7363882382059043
whole corpus,0.24281755,0.2799928345050857
whole corpus,0.36264893,0.6404977418873431
whole corpus,0.5863352,1.0
whole corpus,0.22166756,0.21636445901970344
whole corpus,0.4216448,0.8179829804253868
whole corpus,0.45778817,0.9267179312161801
whole corpus,0.25505245,0.31680072307661894
whole corpus,0.36060932,0.6343617040877436
whole corpus,0.43902493,0.8702699339303175
whole corpus,0.10207819,0.0
whole corpus,0.32524657,0.527975174321599
whole corpus,0.27909952,0.38914478625741994
whole corpus,0.19326282,0.13091064232448582
whole corpus,0.43914524,0.8706318846681675
whole corpus,0.33635977,0.5614085021125523
whole corpus,0.38730714,0.7146803390860668
whole corpus,0.37581033,0.6800929290811907
whole corpus,0.42008772,0.8132986008860127
whole corpus,0.49692369,1.0
whole corpus,0.21164675,0.18621751302724543
whole corpus,0.31605768,0.5003309961943171
whole corpus,0.31198135,0.48806761745456106
whole corpus,0.2475641,0.2942725397604499
whole corpus,0.20632237,0.17019946695424282
whole corpus,0.36277866,0.6408880246621416
whole corpus,0.033694196,0.0
whole corpus,0.2474902,0.29405018706541197
whole corpus,0.28512806,0.4072812348715552
whole corpus,0.20505768,0.16639472543544032
whole corpus,0.21410093,0.19360074323181484
whole corpus,0.29466662,0.43597737435806305
whole corpus,0.17346156,0.07133984489016695
whole corpus,0.22561252,0.2282326237756985
whole corpus,0.1728459,0.0694876828038388
whole corpus,0.1865769,0.11079650994133969
whole corpus,0.3645509,0.6462196477924345
whole corpus,0.2419748,0.27745747583158453
whole corpus,0.3061845,0.4706281728126939
whole corpus,0.53703165,1.0
whole corpus,0.43562922,0.8600541724684955
whole corpus,0.31421936,0.49480051085531684
whole corpus,0.21051866,0.18282372053171164
whole corpus,0.28318346,0.4014310278750932
whole corpus,0.4639191,0.9451624459029566
whole corpus,0.31662485,0.502037284153699
whole corpus,0.2658366,0.3492441330829295
whole corpus,0.38031614,0.6936483742274757
whole corpus,0.31929502,0.5100703132120133
whole corpus,0.14179914,0.0
whole corpus,0.59183717,1.0
whole corpus,0.15034084,0.0017826768691288073
whole corpus,0.27058458,0.36352814193884286
whole corpus,0.3032302,0.46174034109531026
whole corpus,0.23951739,0.27006451769660716
whole corpus,0.19887227,0.14778631529441805
whole corpus,0.28382072,0.403348192261382
whole corpus,0.24438219,0.28469994243485974
whole corpus,0.24571069,0.288696642469822
whole corpus,0.27999085,0.39182628803290176
whole corpus,0.4610338,0.9364821732537233
whole corpus,0.40558738,0.7696752435781874
whole corpus,0.38167,0.6977213735138401
whole corpus,0.15650377,0.02032343978901957
whole corpus,0.3155549,0.49881837025964565
whole corpus,0.35722888,0.6241918476984456
whole corpus,0.5885048,1.0
whole corpus,0.30789432,0.4757720513690314
whole corpus,0.19200265,0.1271195288740889
whole corpus,0.11047913,0.0
whole corpus,0.40685976,0.7735031169499414
whole corpus,0.38408,0.704971685222283
whole corpus,0.19801015,0.14519267869681415
whole corpus,0.26697743,0.35267625452085394
whole corpus,0.14101395,0.0
whole corpus,0.26437724,0.34485374325606744
whole corpus,0.46477288,0.947730978164024
whole corpus,0.3033703,0.46216182497408986
whole corpus,0.3846875,0.706799370580488
whole corpus,0.31450093,0.4956476028967356
whole corpus,0.40962994,0.7818370394133153
whole corpus,0.35425255,0.6152377584642745
whole corpus,0.27563718,0.37872854873668477
whole corpus,0.4809661,0.9964471984300106
whole corpus,0.29470474,0.4360920473810282
whole corpus,0.3665198,0.6521430159982315
whole corpus,0.35730082,0.6244082829427285
whole corpus,0.29590234,0.43969496796574586
whole corpus,0.19000167,0.12109968828931564
whole corpus,0.43902493,0.8702699339303175
whole corpus,0.15597911,0.018745049458456873
whole corpus,0.23422897,0.25415464441657365
whole corpus,0.20474498,0.1654539852529058
whole corpus,0.36876082,0.6588849648918095
whole corpus,0.31830394,0.5070887249565751
whole corpus,0.3084051,0.4773087057401021
whole corpus,0.3073869,0.47424552839092005
whole corpus,0.34625784,0.5911861902120613
whole corpus,0.40144193,0.757203947136902
whole corpus,0.320365,0.5132893167644115
whole corpus,0.28928253,0.419779697791307
whole corpus,0.21661407,0.20116136247151833
whole corpus,0.33020762,0.5429001506842971
whole corpus,0.23071551,0.24358464283455217
whole corpus,0.408395,0.7781217769225965
whole corpus,0.37132376,0.6665954032256293
whole corpus,0.30874634,0.4783352937877571
whole corpus,0.32628947,0.5311126784385981
whole corpus,0.23343392,0.25176278392388224
whole corpus,0.24454588,0.28519239089352744
whole corpus,0.3250827,0.5274821430836902
whole corpus,0.38734484,0.714793756892205
whole corpus,0.42261204,0.8208928420050062
whole corpus,0.22059238,0.21312985491531478
whole corpus,0.31764984,0.5051209036054893
whole corpus,0.2699026,0.3614764003770492
whole corpus,0.23275407,0.24971749776291222
whole corpus,0.19804841,0.14530780001150317
whole corpus,0.38725835,0.7145335683756727
whole corpus,0.42168435,0.818101957048901
whole corpus,0.5689018,1.0
whole corpus,0.31132907,0.4861052652625064
whole corpus,0.17959112,0.08978023529308395
whole corpus,0.26116455,0.3351885736894987
whole corpus,0.25855863,0.32734884802251574
whole corpus,0.23260945,0.24928243064489947
whole corpus,0.3413676,0.5764742420765446
whole corpus,0.11458881,0.0
whole corpus,0.21091713,0.18402249743050392
whole corpus,0.120585844,0.0
whole corpus,0.30230594,0.4589597668488539
whole corpus,0.27192822,0.36757038841295003
whole corpus,0.24495983,0.2864377453024295
whole corpus,0.27405125,0.3739573799195702
whole corpus,0.33812284,0.5667126001309998
whole corpus,0.354275,0.6153052711978888
whole corpus,0.09043342,0.0
whole corpus,0.39123517,0.7264975779022306
whole corpus,0.14624825,0.0
whole corpus,0.17816932,0.08550285980980865
whole corpus,0.24832317,0.29655613780182755
whole corpus,0.22068968,0.2134225894109998
whole corpus,0.27779132,0.3852091435552483
whole corpus,0.18723898,0.11278831489965237
whole corpus,0.28824455,0.4166569873011955
whole corpus,0.28585243,0.40946047059961665
whole corpus,0.46157426,0.9381081273361883
whole corpus,0.5089366,1.0
whole corpus,0.4177602,0.8062963738175577
whole corpus,0.18979734,0.12048499067754946
whole corpus,0.31831944,0.5071353472958573
whole corpus,0.28741738,0.41416851994201076
whole corpus,0.27626488,0.38061693279430137
whole corpus,0.28191206,0.3976061132287167
whole corpus,0.16153207,0.035450775035871185
whole corpus,0.2158449,0.1988473702512626
whole corpus,0.35483462,0.6169888755960431
whole corpus,0.20927301,0.17907627069521934
whole corpus,0.24014488,0.27195227414581036
whole corpus,0.19067417,0.12312287366829901
whole corpus,0.21167411,0.18629981938774737
whole corpus,0.34933716,0.6004501386857691
whole corpus,0.27190825,0.3675103173219519
whole corpus,0.25377882,0.3129690840543844
whole corpus,0.38739967,0.714958728246588
whole corpus,0.5203366,1.0
whole corpus,0.4131844,0.7925304108777449
whole corpus,0.2373437,0.26352510700387227
whole corpus,0.29092896,0.42473287304831153
whole corpus,0.25923985,0.3293982584673453
whole corpus,0.4198861,0.8126920621836209
whole corpus,0.48816007,1.0
whole corpus,0.2883562,0.4169929371190613
whole corpus,0.20672765,0.17141873078481581
whole corpus,0.10479839,0.0
whole corpus,0.1956319,0.1380378979547273
whole corpus,0.04626748,0.0
whole corpus,0.27057225,0.3634910233841067
whole corpus,0.35151935,0.6070151020067645
whole corpus,0.4176929,0.8060939252750595
whole corpus,0.21895713,0.20821030153760026
whole corpus,0.27950543,0.3903659329132332
whole corpus,0.15168452,0.0058250578307531085
whole corpus,0.30827326,0.4769120572228247
whole corpus,0.29206312,0.4281449110170067
whole corpus,0.21300597,0.19030665081566903
whole corpus,0.3518561,0.6080282413027035
whole corpus,0.40789405,0.7766147098053011
whole corpus,0.33024684,0.5430181410660189
whole corpus,0.29642302,0.4412613889072813
whole corpus,0.35893106,0.6293127737185211
whole corpus,0.2928108,0.4303942595706809
whole corpus,0.1414849,0.0
whole corpus,0.26818854,0.3563197903357539
whole corpus,0.19458257,0.1348810276352571
whole corpus,0.3581115,0.6268471692372536
whole corpus,0.25796717,0.3255694885121435
whole corpus,0.24024194,0.2722442913747372
whole corpus,0.34240335,0.5795902281907982
whole corpus,0.27162853,0.36666878409790904
whole corpus,0.06851234,0.0
whole corpus,0.34777987,0.5957651315379817
whole corpus,0.3714115,0.6668593573926421
whole corpus,0.15726055,0.022600178967022003
whole corpus,0.23246475,0.24884709455185242
whole corpus,0.29953188,0.4506141888006596
whole corpus,0.2613821,0.3358430796063443
whole corpus,0.31906167,0.5093682883724379
whole corpus,0.27052966,0.3633629016094256
whole corpus,0.32734329,0.5342829975097843
whole corpus,0.291468,0.4263545235302274
whole corpus,0.30073303,0.4542277787284053
whole corpus,0.29694012,0.44281705084744394
whole corpus,0.24796587,0.2954812239063397
whole corpus,0.19099443,0.12408634224123358
whole corpus,0.33029574,0.543165270409792
whole corpus,0.36014146,0.6329541577331466
whole corpus,0.24867392,0.29761132686146524
whole corpus,0.23249882,0.24894961886910075
whole corpus,0.34082076,0.5748291011082982
whole corpus,0.26902604,0.358839369140575
whole corpus,0.11090469,0.0
whole corpus,0.21819684,0.20592302750408698
whole corpus,0.45697713,0.9242779690215177
whole corpus,0.25229767,0.30851315397749296
whole corpus,0.39918154,0.7504037203192213
whole corpus,0.37401012,0.6746771167651556
whole corpus,0.30620477,0.4706891404871398
whole corpus,0.35401893,0.6145349266995961
whole corpus,0.29953188,0.4506141888006596
whole corpus,0.37001193,0.6626488222053953
whole corpus,0.26848948,0.3572251603012753
whole corpus,0.31778982,0.5055420288508898
whole corpus,0.56751347,1.0
whole corpus,0.37026557,0.6634119043777614
whole corpus,0.22165075,0.21631389171325127
whole corpus,0.36661088,0.652417011899859
whole corpus,0.32739973,0.5344528104147851
whole corpus,0.4237395,0.8242847068461274
whole corpus,0.15963311,0.029737879794429555
whole corpus,0.31539738,0.4983445259075184
whole corpus,0.37100172,0.6656265551520083
whole corpus,0.29131943,0.4259075766815322
whole corpus,0.074419,0.0
whole corpus,0.34746975,0.5948321468022701
whole corpus,0.31573248,0.4993526443361501
whole corpus,0.25521675,0.3172950095313545
whole corpus,0.31658658,0.5019221628390099
whole corpus,0.4620918,0.9396651341515225
whole corpus,0.23716372,0.2629836602597859
whole corpus,0.1964147,0.14039286403854448
whole corpus,0.49466255,1.0
whole corpus,0.40778303,0.7762807324710203
whole corpus,0.29195884,0.4278311964686447
whole corpus,0.27768898,0.3849012567992966
whole corpus,0.32522094,0.5278980681450939
whole corpus,0.48562908,1.0
whole corpus,0.2596931,0.3307617825746586
whole corpus,0.2349103,0.2562043686656099
whole corpus,0.3772685,0.6844797325742619
whole corpus,0.2669926,0.3527218906183436
whole corpus,0.2713936,0.3659620073660606
whole corpus,0.12420921,0.0
whole corpus,0.38573682,0.7099561512416134
whole corpus,0.3050481,0.46720941046814074
whole corpus,0.4230125,0.822097581183726
whole corpus,0.372927,0.6714186635410572
whole corpus,0.16357216,0.04158824736898708
whole corpus,0.38935855,0.7208518815901965
whole corpus,0.3143053,0.49505908552164324
whole corpus,0.30393192,0.4638514364813439
whole corpus,0.3727172,0.6707874687938528
whole corpus,0.33323646,0.552012217921959
whole corpus,0.27560905,0.3786439112592187
whole corpus,0.28612527,0.41028129274601677
whole corpus,0.363631,0.6434522533226598
whole corpus,0.35523707,0.6181996218838626
whole corpus,0.16758636,0.05366468845989064
whole corpus,0.28276923,0.4001848665410882
whole corpus,0.2762844,0.38067565901012795
whole corpus,0.26097435,0.3346163741331551
whole corpus,0.17782213,0.08445834009319896
whole corpus,0.28988138,0.421581292571183
whole corpus,0.18658607,0.1108240798823575
whole corpus,0.42269945,0.8211558099302265
whole corpus,0.12673762,0.0
whole corpus,0.069189936,0.0
whole corpus,0.23801062,0.26553148144321065
whole corpus,0.32086468,0.5147925285728817
whole corpus,0.27336746,0.3719002588570901
whole corpus,0.29588437,0.43964090398384753
whole corpus,0.21141705,0.1855264713349047
whole corpus,0.370811,0.6650527417454588
whole corpus,0.37856403,0.6883772704799048
whole corpus,0.29020208,0.42254610601928916
whole corpus,0.3047315,0.4662568802132685
whole corpus,0.17591089,0.07870850561371069
whole corpus,0.26551062,0.34826345010779847
whole corpus,0.34704226,0.593546087504841
whole corpus,0.30800766,0.47611302205420447
whole corpus,0.19770391,0.14427139437509545
whole corpus,0.29624712,0.4407322253564289
whole corpus,0.3367743,0.562655560030005
whole corpus,0.2490342,0.29869520659143045
whole corpus,0.31461883,0.496002291308659
whole corpus,0.25341988,0.31188923894993403
whole corpus,0.38513476,0.7081448733605019
whole corpus,0.3778601,0.686259540376358
whole corpus,0.33851463,0.5678912487313904
whole corpus,0.3092599,0.4798802863848917
whole corpus,0.3437232,0.5835609273057761
whole corpus,0.27702016,0.38288914422589276
whole corpus,0.19230086,0.12801665027189119
whole corpus,0.34174317,0.5776041165373785
whole corpus,0.2327098,0.2495843102917514
whole corpus,0.24839354,0.29676782115383743
whole corpus,0.28373083,0.4030777826935456
whole corpus,0.37035972,0.6636951350889005
whole corpus,0.28795183,0.41577636303883153
whole corpus,0.18112527,0.09439562273615482
whole corpus,0.27419895,0.374401726676267
whole corpus,0.14447968,0.0
whole corpus,0.16299105,0.03983999930425124
whole corpus,0.29981726,0.45147275711020934
whole corpus,0.3405949,0.5741495805132608
whole corpus,0.20650172,0.17073903087308892
whole corpus,0.44828665,0.8981332370522255
whole corpus,0.23256566,0.24915067770725502
whole corpus,0.31989616,0.5118788116844368
whole corpus,0.18116486,0.09451473384718623
whole corpus,0.30478618,0.4664214032759276
whole corpus,0.2038899,0.16288155285384082
whole corpus,0.45826578,0.928154795849518
whole corpus,0.32892835,0.5390515662349005
whole corpus,0.47953808,0.9921511291818501
whole corpus,0.32253528,0.5198184167474974
whole corpus,0.51957345,1.0
whole corpus,0.35610527,0.6208115487838003
whole corpus,0.45955193,0.9320240913765573
whole corpus,0.33706665,0.5635351083922318
whole corpus,0.32826638,0.5370600750807945
whole corpus,0.34015042,0.5728124159593109
whole corpus,0.4556892,0.920403293993792
whole corpus,0.23737702,0.2636253450333289
whole corpus,0.16428536,0.04373386121775847
whole corpus,0.32994115,0.5420985154236785
whole corpus,0.18044332,0.0923440156618783
whole corpus,0.37357247,0.6733604839721588
whole corpus,0.11723759,0.0
whole corpus,0.44837898,0.8984109986043334
whole corpus,0.49134535,1.0
whole corpus,0.38580236,0.7101533099417701
whole corpus,0.13412742,0.0
whole corpus,0.24942881,0.2998823727345746
whole corpus,0.3087374,0.4783083962843251
whole corpus,0.32704276,0.5333788827610897
whole corpus,0.15752992,0.023410555916256057
whole corpus,0.26806444,0.3559464529881176
whole corpus,0.29566383,0.4389774322325246
whole corpus,0.23813987,0.26592032968449275
whole corpus,0.40321964,0.7625520674026331
whole corpus,0.27252266,0.36935871375779955
whole corpus,0.35695618,0.6233714738437693
whole corpus,0.2703701,0.362882870831509
whole corpus,0.1594474,0.029179173818974332
whole corpus,0.30630106,0.4709788265991025
whole corpus,0.3121119,0.48846041066301316
whole corpus,0.3767628,0.6829584097801474
whole corpus,0.2363026,0.26039302721673196
whole corpus,0.46108654,0.9366408685239721
whole corpus,0.19192731,0.12689287257850182
whole corpus,0.111821145,0.0
whole corpus,0.4558454,0.9208731933787492
whole corpus,0.3001911,0.45259743138704644
whole corpus,0.08609774,0.0
whole corpus,0.079561464,0.0
whole corpus,0.17990181,0.09071492353734627
whole corpus,0.28005552,0.39202084664105996
whole corpus,0.37627715,0.6814973373937206
whole corpus,0.2700031,0.36177881797396977
whole corpus,0.4427687,0.8815328152007476
whole corpus,0.2761683,0.38032635009889093
whole corpus,0.25005832,0.3017762259512224
whole corpus,0.27353895,0.372416152972916
whole corpus,0.2945108,0.4355086405315879
whole corpus,0.3679095,0.6563237846150136
whole corpus,0.19799626,0.14515089790814978
whole corpus,0.19995946,0.1510570517117504
whole corpus,0.50033975,1.0
whole corpus,0.35616305,0.6209853963143158
whole corpus,0.25492072,0.31640443319272066
whole corpus,0.32080516,0.5146134808583692
whole corpus,0.29863012,0.4479013066045071
whole corpus,0.241901,0.27723543694075325
whole corpus,0.304753,0.4663216135381949
whole corpus,0.49967495,1.0
whole corpus,0.23580998,0.25891101960680063
whole corpus,0.17260188,0.06875356027683449
whole corpus,0.1278247,0.0
whole corpus,0.386458,0.7121257935267841
whole corpus,0.22276255,0.2196586859233664
whole corpus,0.2601102,0.3320166407681066
whole corpus,0.23111236,0.2447785333535543
whole corpus,0.3963896,0.742004347264163
whole corpus,0.44251865,0.8807805816880989
whole corpus,0.38187137,0.6983271949494737
whole corpus,0.11977352,0.0
whole corpus,0.33168906,0.5473569773446363
whole corpus,0.33185977,0.5478705403434981
whole corpus,0.09072127,0.0
whole corpus,0.3372272,0.5640180978955259
whole corpus,0.2304194,0.24269379752088402
whole corpus,0.24167718,0.2765621027715053
whole corpus,0.13620917,0.0
whole corpus,0.23081365,0.24387988776389086
whole corpus,0.42397165,0.8249831453519119
whole corpus,0.5269339,1.0
whole corpus,0.3302256,0.5429542146661955
whole corpus,0.4482862,0.8981318921770539
whole corpus,0.23757052,0.2642074966659424
whole corpus,0.27846882,0.38724734670698124
whole corpus,0.2798158,0.391299634915703
whole corpus,0.15647084,0.020224367318045
whole corpus,0.18377087,0.10235472848920354
whole corpus,0.31037003,0.48322005972769955
whole corpus,0.26932803,0.35974787714816353
whole corpus,0.344998,0.5873960630034568
whole corpus,0.32396424,0.5241173550626906
whole corpus,0.1786927,0.0870773948315461
whole corpus,0.38233837,0.6997321412120724
whole corpus,0.31958115,0.5109311229801824
whole corpus,0.58731836,1.0
whole corpus,0.28531784,0.40785217921107203
whole corpus,0.21800733,0.20535289008967314
whole corpus,0.31759906,0.5049681257859955
whole corpus,0.35873947,0.6287363602199731
whole corpus,0.40157318,0.7575988024872838
whole corpus,0.29702297,0.4430663010459139
whole corpus,0.2017602,0.1564744778779914
whole corpus,0.28151983,0.39642611975315445
whole corpus,0.17430294,0.07387107927980859
whole corpus,0.24897866,0.2985281282659453
whole corpus,0.16115227,0.03430816909007942
whole corpus,0.1291286,0.0
whole corpus,0.38208702,0.6989759627322538
whole corpus,0.33616793,0.5608313713472461
whole corpus,0.2793591,0.389925710440396
whole corpus,0.33551648,0.5588715295888452
whole corpus,0.33909562,0.5696391381627472
whole corpus,0.27771223,0.38497119030821986
whole corpus,0.35030752,0.6033694143915899
whole corpus,0.36307493,0.6417793182675336
whole corpus,0.43648845,0.8626391122066563
whole corpus,0.2829756,0.40080575057864376
whole corpus,0.35951674,0.6310747395100073
whole corpus,0.18171114,0.096158171306882
whole corpus,0.25770324,0.32477547421083064
whole corpus,0.20483507,0.16572502242915568
whole corpus,0.37172896,0.6678143980811679
whole corpus,0.18968157,0.12013671283727732
whole corpus,0.5348507,1.0
whole corpus,0.25676444,0.3219511466921249
whole corpus,0.5034535,1.0
whole corpus,0.25215352,0.30807947656382423
whole corpus,0.23062183,0.2433028018277571
whole corpus,0.17485248,0.07552433432825705
whole corpus,0.54634666,1.0
whole corpus,0.33209774,0.5485864622265134
whole corpus,0.47864804,0.9894734827151936
whole corpus,0.311539,0.48673681864309
whole corpus,0.38296914,0.7016297600792006
whole corpus,0.19820276,0.1457721405790844
whole corpus,0.19651115,0.14068304327140346
whole corpus,0.35086375,0.6050427977384399
whole corpus,0.21874526,0.20757292036460642
whole corpus,0.19595543,0.13901118411641455
whole corpus,0.3264254,0.5315216101491095
whole corpus,0.51721716,1.0
whole corpus,0.2407063,0.273641258044651
whole corpus,0.33209154,0.5485678132908006
whole corpus,0.24325888,0.2813205401036621
whole corpus,0.11577322,0.0
whole corpus,0.24620028,0.2901695497577588
whole corpus,0.38603798,0.7108621488155482
whole corpus,0.36392415,0.6443341328018506
whole corpus,0.47754762,0.9861629379927819
whole corpus,0.27828896,0.386706258596274
whole corpus,0.21827936,0.2061712914607644
whole corpus,0.24685861,0.2921501025938025
whole corpus,0.42451394,0.8266145685934081
whole corpus,0.3263443,0.5312776497929811
whole corpus,0.3115668,0.48682046987876354
whole corpus,0.2618008,0.33710268969206525
whole corpus,0.33275467,0.5505628011203527
whole corpus,0.19312009,0.13048126851136618
whole corpus,0.3961722,0.7413502896390414
whole corpus,0.26337653,0.34184319535526736
whole corpus,0.14798065,0.0
whole corpus,0.5694796,1.0
whole corpus,0.60376954,1.0
whole corpus,0.36546496,0.6489695588849783
whole corpus,0.4109064,0.7856771959783032
whole corpus,0.44672468,0.8934341535443087
whole corpus,0.23079538,0.24382492719854476
whole corpus,0.42627078,0.8318999280177979
whole corpus,0.3374943,0.5648217056397296
whole corpus,0.14433317,0.0
whole corpus,0.37099302,0.6656003749153345
whole corpus,0.20499444,0.16620447042783124
whole corpus,0.2954675,0.4383867630571577
whole corpus,0.16045061,0.03219725302073533
whole corpus,0.25341058,0.31186126554636473
whole corpus,0.51743746,1.0
whole corpus,0.41676164,0.8032922813175813
whole corpus,0.23874708,0.26774707363007766
whole corpus,0.3380716,0.5665584774363344
whole corpus,0.28387356,0.40350715650666524
whole corpus,0.15246871,0.00818423785677465
whole corpus,0.3037286,0.4632397872533
whole corpus,0.4416576,0.8781901727909069
whole corpus,0.27290434,0.370506968179312
whole corpus,0.23819214,0.2660775904212252
whole corpus,0.27502587,0.37688947676869355
whole corpus,0.28560567,0.4087180995048932
whole corpus,0.33478725,0.5566776795505858
whole corpus,0.1317633,0.0
whole corpus,0.061055858,0.0
whole corpus,0.34896094,0.5993182917413502
whole corpus,0.22808135,0.235659921056724
whole corpus,0.33498216,0.5572640451254035
whole corpus,0.20559071,0.16799830976088434
whole corpus,0.33606306,0.5605158636319887
whole corpus,0.3113751,0.48624378740518126
whole corpus,0.16640228,0.0501024727637001
whole corpus,0.2330215,0.250522046919736
whole corpus,0.1609268,0.03362985888269653
whole corpus,0.31840616,0.5073962530791477
whole corpus,0.32349235,0.5226977048315492
whole corpus,0.18341407,0.10128133878557682
whole corpus,0.20439795,0.16440995865719235
whole corpus,0.3575546,0.6251718134068185
whole corpus,0.403767,0.7641987325627407
whole corpus,0.36300442,0.6415671866237999
whole corpus,0.53874624,1.0
whole corpus,0.25922126,0.3293423116602067
whole corpus,0.46824577,0.9581789547388089
whole corpus,0.40098017,0.7558147807429835
whole corpus,0.27560776,0.37864005595039346
whole corpus,0.3749049,0.6773690189086311
whole corpus,0.20175888,0.15647048808164898
whole corpus,0.19324213,0.13084841943321313
whole corpus,0.38949025,0.7212480818157501
whole corpus,0.27072024,0.3639362667242512
whole corpus,0.52972794,1.0
whole corpus,0.24161682,0.27638049979416685
whole corpus,0.26356333,0.34240517386030683
whole corpus,0.49695006,1.0
whole corpus,0.22174326,0.2165921912154278
whole corpus,0.18519732,0.10664613550343587
whole corpus,0.3002661,0.45282301178249623
whole corpus,0.3562221,0.6211630094953118
whole corpus,0.14710999,0.0
whole corpus,0.4299906,0.8430907239790302
whole corpus,0.16815445,0.055373755827960516
whole corpus,0.44782734,0.8967514226425783
whole corpus,0.27957273,0.3905683814557314
whole corpus,0.32594976,0.5300906629665265
whole corpus,0.1822069,0.09764963787218692
whole corpus,0.21841592,0.20658210599651597
whole corpus,0.30053008,0.45361720540049866
whole corpus,0.27607548,0.38004715401326666
whole corpus,0.28003782,0.3919675895842646
whole corpus,0.5148935,1.0
whole corpus,0.19458078,0.13487564813457073
whole corpus,0.18381695,0.10249338511939556
whole corpus,0.3236738,0.5232436344928743
whole corpus,0.47172153,0.9686355385146921
whole corpus,0.32102972,0.5152890564862366
whole corpus,0.29800642,0.44602493676509014
whole corpus,0.29588896,0.43965471136894263
whole corpus,0.19515339,0.13659829874187376
whole corpus,0.3314652,0.5466835535170436
whole corpus,0.48739836,1.0
whole corpus,0.35687503,0.6231273341709515
whole corpus,0.23752934,0.2640835888334656
whole corpus,0.2155198,0.19786933219730232
whole corpus,0.36532182,0.6485389298550319
whole corpus,0.3321423,0.5487205014519496
whole corpus,0.23648761,0.26094962622108503
whole corpus,0.32264274,0.5201417247387502
whole corpus,0.45687985,0.9239853241841774
whole corpus,0.13436672,0.0
whole corpus,0.38461995,0.7065961151128868
whole corpus,0.373069,0.6718457958955575
whole corpus,0.4202909,0.8139098018223327
whole corpus,0.25597203,0.3195672209629459
whole corpus,0.21899295,0.20831807086801785
whole corpus,0.45521367,0.9189727054445882
whole corpus,0.23946254,0.2698995015130518
whole corpus,0.3700108,0.662645415188294
whole corpus,0.3964203,0.7420966953592796
whole corpus,0.2742964,0.3746949094636759
whole corpus,0.29393244,0.43376864103457125
whole corpus,0.29924184,0.4497416337893252
whole corpus,0.26915053,0.35921387204669336
whole corpus,0.32190657,0.5179269843061585
whole corpus,0.21396005,0.19317692823607113
whole corpus,0.22960594,0.24024657300029503
whole corpus,0.030890994,0.0
whole corpus,0.3028838,0.46069824215400945
whole corpus,0.26641557,0.3509859257468417
whole corpus,0.1988861,0.1478279167663929
whole corpus,0.3228232,0.5206846060163529
whole corpus,0.31593907,0.4999741559821191
whole corpus,0.25795624,0.3255365838996117
whole corpus,0.29625452,0.4407544606259327
whole corpus,0.11820535,0.0
whole corpus,0.36733115,0.6545838747763416
whole corpus,0.11740705,0.0
whole corpus,0.30559367,0.46885069612756197
whole corpus,0.3555025,0.6189981191024142
whole corpus,0.27034485,0.3628069302134859
whole corpus,0.33811337,0.5666840887773619
whole corpus,0.21337138,0.19140595178093525
whole corpus,0.30668294,0.4721277086290284
whole corpus,0.20394386,0.16304387928705297
whole corpus,0.25973004,0.3308729589221776
whole corpus,0.15738267,0.02296755403473086
whole corpus,0.21762702,0.20420875995202023
whole corpus,0.2756219,0.3786825540058161
whole corpus,0.22145858,0.21573577470615263
whole corpus,0.3271004,0.5335522819998814
whole corpus,0.18035874,0.09208956527941149
whole corpus,0.20798236,0.17519343675811921
whole corpus,0.1665949,0.05068193464597035
whole corpus,0.38221508,0.6993612246397449
whole corpus,0.3184916,0.5076533035536129
whole corpus,0.25966895,0.33068915931539217
whole corpus,0.27438843,0.37497177443233604
whole corpus,0.35328835,0.6123370420358218
whole corpus,0.35874054,0.628739587920385
whole corpus,0.32764676,0.5351959884346115
whole corpus,0.18885219,0.11764156593140697
whole corpus,0.29946715,0.45041945087581187
whole corpus,0.16828583,0.0557690146408939
whole corpus,0.47928292,0.9913834744339006
whole corpus,0.27472174,0.37597451336028137
whole corpus,0.37911662,0.6900397155086926
whole corpus,0.28273326,0.40007664891894673
whole corpus,0.27795166,0.38569150545012904
whole corpus,0.40401694,0.764950697100355
whole corpus,0.39204207,0.7289250775869693
whole corpus,0.2297381,0.2406441629301925
whole corpus,0.2656404,0.3486539121992865
whole corpus,0.2991527,0.4494734656801081
whole corpus,0.32875377,0.5385263476512181
whole corpus,0.3028776,0.4606795932182966
whole corpus,0.29915622,0.44948404536479136
whole corpus,0.2860962,0.410193786201518
whole corpus,0.35160255,0.6072654281053717
whole corpus,0.4944631,1.0
whole corpus,0.30993077,0.4818985853840849
whole corpus,0.28210515,0.3981870096445033
whole corpus,0.2712881,0.36564461682556293
whole corpus,0.12347926,0.0
whole corpus,0.28010136,0.3921587411753214
whole corpus,0.44737947,0.8954040370373243
whole corpus,0.18162951,0.09591259710054775
whole corpus,0.3497154,0.6015880823976327
whole corpus,0.42617157,0.8316014553880474
whole corpus,0.19566289,0.1381310978041192
whole corpus,0.2964337,0.4412934865947102
whole corpus,0.5652328,1.0
whole corpus,0.35999656,0.6325182388608585
whole corpus,0.20537417,0.16734685222776108
whole corpus,0.3143624,0.495230870910229
whole corpus,0.3775963,0.6854658847084241
whole corpus,0.27885887,0.388420795123375
whole corpus,0.33633894,0.5613458309295557
whole corpus,0.31742024,0.5044301757173553
whole corpus,0.2637778,0.34305035530929595
whole corpus,0.26094076,0.3345153291785955
whole corpus,0.2934625,0.4323549082541848
whole corpus,0.29299006,0.43093355451449267
whole corpus,0.24981326,0.30103896538215097
whole corpus,0.46030146,0.9342789987476074
whole corpus,0.114840545,0.0
whole corpus,0.43902493,0.8702699339303175
whole corpus,0.5457506,1.0
whole corpus,0.3666761,0.6526131843582231
whole corpus,0.29246694,0.4293597815886858
whole corpus,0.33020243,0.5428845501323066
whole corpus,0.4359048,0.8608832431826148
whole corpus,0.27798438,0.3857899503126902
whole corpus,0.36172196,0.6377090087315124
whole corpus,0.5466909,1.0
whole corpus,0.42696226,0.8339801809332295
whole corpus,0.29613346,0.44039026842946327
whole corpus,0.30403712,0.4641679304383939
whole corpus,0.24241678,0.27878715391374587
whole corpus,0.3910253,0.7258662038383366
whole corpus,0.30544305,0.4683975628530774
whole corpus,0.25185585,0.30718396901622785
whole corpus,0.3356777,0.5593565812340691
whole corpus,0.1857297,0.10824774734529487
whole corpus,0.2857939,0.40928438161048175
whole corpus,0.2225106,0.2189007142766524
whole corpus,0.5551299,1.0
whole corpus,0.3219862,0.518166551403393
whole corpus,0.380805,0.6951190400567931
whole corpus,0.2675404,0.3543699006536228
whole corpus,0.42572784,0.8302665322927167
whole corpus,0.42517292,0.8285970939130367
whole corpus,0.24264897,0.27948568207787516
whole corpus,0.5246156,1.0
whole corpus,0.34207398,0.5785993241643629
whole corpus,0.22905636,0.2385931834643294
whole corpus,0.27213883,0.3682040039354634
whole corpus,0.49120677,1.0
whole corpus,0.345184,0.5879556207331874
whole corpus,0.33765516,0.5653055917264714
whole corpus,0.08001287,0.0
whole corpus,0.3018097,0.45746686575003265
whole corpus,0.2894563,0.4203024955996805
whole corpus,0.3222612,0.5189939186089615
whole corpus,0.2683148,0.35669967274255865
whole corpus,0.10857343,0.0
whole corpus,0.26877242,0.35807637662655367
whole corpus,0.3316663,0.5472884783692294
whole corpus,0.31211734,0.4884767284817619
whole corpus,0.3005146,0.4535706727195613
whole corpus,0.43106058,0.8463097275314283
whole corpus,0.16215155,0.037314413390330335
whole corpus,0.44083038,0.8757015261150326
whole corpus,0.37633175,0.6816615914813455
whole corpus,0.15935422,0.028898857004040407
whole corpus,0.30830985,0.4770221576702064
whole corpus,0.49766523,1.0
whole corpus,0.3803299,0.693689796382761
whole corpus,0.34983358,0.6019435777346591
whole corpus,0.3398106,0.571790131512205
whole corpus,0.3539077,0.6142003217569019
whole corpus,0.15989438,0.030523869673885255
whole corpus,0.2364769,0.260917394046139
whole corpus,0.31442085,0.49540669092432954
whole corpus,0.2297658,0.24072750036165935
whole corpus,0.17396134,0.07284341533201628
whole corpus,0.14668338,0.0
whole corpus,0.2779758,0.38576412870939547
whole corpus,0.32954216,0.5408981695038527
whole corpus,0.31795043,0.5060251976708735
whole corpus,0.29581743,0.43943953134148656
whole corpus,0.48438603,1.0
whole corpus,0.12818725,0.0
whole corpus,0.40860924,0.7787663307631723
whole corpus,0.14510264,0.0
whole corpus,0.4231544,0.8225245342215367
whole corpus,0.3907473,0.7250298707982905
whole corpus,0.28599614,0.40989280313811377
whole corpus,0.45767885,0.9263890644075513
whole corpus,0.27236402,0.36888146238857095
whole corpus,0.2397728,0.2708328897113149
whole corpus,0.31307244,0.49135009911505867
whole corpus,0.32460028,0.5260308434568438
whole corpus,0.28728443,0.4137685540659768
whole corpus,0.30321726,0.46170142937367864
whole corpus,0.2811337,0.39526450623827075
whole corpus,0.3004951,0.4535119465037347
whole corpus,0.3747324,0.6768500764090829
whole corpus,0.2469608,0.29245754105803035
whole corpus,0.32994962,0.5421239783935942
whole corpus,0.28126884,0.39567101717347314
whole corpus,0.27476093,0.37609241408365834
whole corpus,0.10950095,0.0
whole corpus,0.16083086,0.03334120384169869
whole corpus,0.27330327,0.37170713478244827
whole corpus,0.4196388,0.8119480772386916
whole corpus,0.3666109,0.6524171015582038
whole corpus,0.3029328,0.46084564047281684
whole corpus,0.642061,1.0
whole corpus,0.38825774,0.7175401713093028
whole corpus,0.34672144,0.5925809154233557
whole corpus,0.26797748,0.35568482993806894
whole corpus,0.5070706,1.0
whole corpus,0.47033775,0.9644725222501752
whole corpus,0.3879329,0.7165628953512732
whole corpus,0.1255812,0.0
whole corpus,0.21313125,0.19068352966792387
whole corpus,0.1856826,0.10810604233138056
whole corpus,0.4583059,0.9282754759815829
whole corpus,0.3170337,0.5032673069856447
whole corpus,0.21801357,0.20537167351290317
whole corpus,0.23107392,0.24466287408879664
whole corpus,0.17549434,0.07745535092881338
whole corpus,0.25336966,0.3117381646389909
whole corpus,0.24922743,0.299276551298941
whole corpus,0.24301654,0.2805914832731375
whole corpus,0.39117664,0.7263214889130957
whole corpus,0.28576687,0.4092030614917723
whole corpus,0.20296988,0.16011371009234227
whole corpus,0.52868366,1.0
whole corpus,0.29685575,0.44256322807339055
whole corpus,0.44627804,0.8920904439311903
whole corpus,0.01615656,0.0
whole corpus,0.21047258,0.18268510873069202
whole corpus,0.45917162,0.9308799612389044
whole corpus,0.1703098,0.06185798180948741
whole corpus,0.25349188,0.3121058535109065
whole corpus,0.26014787,0.33212996891590013
whole corpus,0.24613339,0.28996831160291503
whole corpus,-0.026591059,0.0
whole corpus,0.51774,1.0
whole corpus,0.3551576,0.6179605927366968
whole corpus,0.25104177,0.3047348616703986
whole corpus,0.38568392,0.7097970076796407
whole corpus,0.29364622,0.43290756229136784
whole corpus,0.47331378,0.9734257149008986
whole corpus,0.15649876,0.020308377187097645
whole corpus,0.35519946,0.6180864730527587
whole corpus,0.22548722,0.22785565526509888
whole corpus,0.60917276,1.0
whole corpus,0.3477007,0.5955269093159189
whole corpus,0.41003162,0.7830454545841706
whole corpus,0.2829073,0.4006002536524232
whole corpus,0.31513852,0.49756575352481697
whole corpus,0.3921908,0.7293725623857332
whole corpus,0.19161904,0.12596544666016612
whole corpus,0.3418452,0.5779111067098825
whole corpus,0.3715622,0.667312759642161
whole corpus,0.14259234,0.0
whole corpus,0.28008354,0.3921051254851469
whole corpus,0.44554904,0.889897311159689
whole corpus,0.33830515,0.5672610402259785
whole corpus,0.2816286,0.39675337271157723
whole corpus,0.35774356,0.6257402473126816
whole corpus,0.41679004,0.8033777257201504
whole corpus,0.1904076,0.12232092460347364
whole corpus,0.3184445,0.5075115537105263
whole corpus,0.31229377,0.4890075058828202
whole corpus,0.45321435,0.9129578857271222
whole corpus,0.31096095,0.4849978053878658
whole corpus,0.27632135,0.3807868353576469
whole corpus,0.22385131,0.22293412940379936
whole corpus,0.40566415,0.7699062034743236
whole corpus,0.16025236,0.03160084571130291
whole corpus,0.23782735,0.26498012745202687
whole corpus,0.421903,0.8187597803245031
whole corpus,0.3101613,0.4825920926809069
whole corpus,0.23696347,0.26238120101208134
whole corpus,0.3332225,0.551970257816605
whole corpus,0.20563683,0.1681370560494211
whole corpus,0.5244103,1.0
whole corpus,0.32040915,0.5134221007730208
whole corpus,0.31495583,0.49701614787135623
whole corpus,0.23024476,0.2421683996205121
whole corpus,0.3353017,0.5582253618980636
whole corpus,0.36633983,0.6516015692541453
whole corpus,0.20083371,0.15368717925567704
whole corpus,0.36874074,0.6588245351674322
whole corpus,0.22895205,0.23827937925762263
whole corpus,0.49272323,1.0
whole corpus,0.5234689,1.0
whole corpus,0.35301992,0.6115294893244482
whole corpus,0.2542084,0.3142614194359477
whole corpus,0.072877005,0.0
whole corpus,0.39661816,0.74269193711023
whole corpus,0.26297575,0.3406374699347552
whole corpus,0.22653496,0.23100772886312368
whole corpus,0.32512373,0.5276056026244432
whole corpus,0.3952534,0.7385861228696785
whole corpus,0.3532694,0.6122800193285459
whole corpus,0.3188931,0.5088611807743998
whole corpus,0.27017558,0.3622976708151732
whole corpus,0.41718805,0.8045751129145987
whole corpus,0.21640265,0.2005253261736961
whole corpus,0.31104723,0.4852573662959847
whole corpus,0.36254078,0.6401723717541605
whole corpus,0.12630928,0.0
whole corpus,0.22825968,0.23619643659184783
whole corpus,0.51482046,1.0
whole corpus,0.3863447,0.7117849124999557
whole corpus,0.36887616,0.6592319426860824
whole corpus,0.19124186,0.12483073064871443
whole corpus,0.5590844,1.0
whole corpus,0.22863811,0.23733491825378
whole corpus,0.32800618,0.5362772680725783
whole corpus,0.39405793,0.7349896576857845
whole corpus,0.52591664,1.0
whole corpus,0.21974286,0.21057414379755002
whole corpus,0.31593436,0.4999599899636449
whole corpus,0.26437724,0.34485374325606744
whole corpus,0.32186222,0.5177935726891357
whole corpus,0.26361594,0.34256342083883184
whole corpus,0.2745474,0.37545001204335715
whole corpus,0.2958771,0.4396190273477228
whole corpus,0.3971259,0.7442194463301338
whole corpus,0.27594227,0.37964638121212974
whole corpus,0.2658974,0.3494270361062672
whole corpus,0.33715424,0.5637986142675206
whole corpus,0.34970188,0.6015473775091056
whole corpus,0.30783615,0.47559703828003375
whole corpus,0.4732088,0.9731099382106069
whole corpus,0.24837849,0.2967225436897269
whole corpus,0.23270294,0.24956368887245353
whole corpus,0.40785104,0.7764853328137931
whole corpus,0.27425462,0.37456920846430364
whole corpus,0.27114168,0.36520412537769137
whole corpus,0.30219716,0.45863251389043114
whole corpus,0.37796617,0.6865786344254063
whole corpus,0.20675723,0.17150771669200338
whole corpus,0.29252654,0.4295390982782325
whole corpus,0.53053904,1.0
whole corpus,0.18227623,0.09785822801130215
whole corpus,0.40676802,0.7732271485647291
whole corpus,0.2650661,0.34692610623715897
whole corpus,0.26521504,0.34737421864433626
whole corpus,0.22003339,0.21144817817157316
whole corpus,0.2105365,0.1828773810510585
whole corpus,0.37099302,0.6656003749153345
whole corpus,0.2821507,0.398324007595317
whole corpus,0.32006204,0.5123778500314454
whole corpus,0.3450728,0.5876211054488379
whole corpus,0.61091256,1.0
whole corpus,0.35689488,0.6231870466285705
whole corpus,0.32547227,0.5286541569665677
whole corpus,0.32430494,0.5251423292601398
whole corpus,0.52055514,1.0
whole corpus,0.26468608,0.34578287268295377
whole corpus,0.2508851,0.30426352775192506
whole corpus,0.29854587,0.4476478424638328
whole corpus,0.3328247,0.5507734982305702
whole corpus,0.17490679,0.0756877366616065
whole corpus,0.43343982,0.853467511828065
whole corpus,0.28637794,0.4110414161930054
whole corpus,0.314108,0.4944655472792436
whole corpus,0.19673425,0.1413542256403769
whole corpus,0.32027197,0.513009403412029
whole corpus,0.2694582,0.36013950479813356
whole corpus,0.3514716,0.6068714693384375
whole corpus,0.40197262,0.7588004932822813
whole corpus,0.34813643,0.5968378039748503
whole corpus,0.1867119,0.11120266224316303
whole corpus,0.042380072,0.0
whole corpus,0.3287632,0.5385546796881665
whole corpus,0.30222458,0.4587149995676226
whole corpus,0.20989716,0.1809539854098079
whole corpus,0.52293766,1.0
whole corpus,0.18113832,0.09443489309116555
whole corpus,0.33137608,0.5464153854078264
whole corpus,0.5005578,1.0
whole corpus,0.24613677,0.2899784878250468
whole corpus,0.3513152,0.6064009423450669
whole corpus,0.3241347,0.5246302007947943
whole corpus,0.12810968,0.0
whole corpus,0.32707837,0.5334860244830939
whole corpus,0.5054004,1.0
whole corpus,0.4802451,0.9942781837532534
whole corpus,0.21722957,0.20301307626612264
whole corpus,0.3173743,0.5042919225497148
whole corpus,0.4380923,0.8674641656889798
whole corpus,0.40594786,0.770759750916566
whole corpus,0.24313357,0.2809435715930625
whole corpus,0.2624603,0.3390867392035551
whole corpus,0.28122228,0.3955309708389372
whole corpus,0.27715135,0.38328382025958513
whole corpus,0.25208497,0.30787326237084545
whole corpus,0.19350064,0.13162611591577728
whole corpus,0.30434948,0.46510763954996354
whole corpus,0.38344902,0.7030734387467413
whole corpus,0.20182672,0.15667459530352554
whole corpus,0.25718492,0.32321613627853224
whole corpus,0.22592519,0.22917327429988824
whole corpus,0.22180456,0.21677661843062662
whole corpus,0.22055213,0.21300877132069834
whole corpus,0.23715673,0.26296263537793657
whole corpus,0.25497836,0.31657783243151233
whole corpus,0.35915574,0.6299887079797675
whole corpus,0.27034444,0.3628056749966591
whole corpus,0.4516953,0.9083879102356791
whole corpus,0.2032293,0.16089414115442202
whole corpus,0.30264902,0.45999191371388487
whole corpus,0.4488355,0.8997843851295718
whole corpus,0.23802587,0.2655773865157346
whole corpus,0.28816158,0.41640737846934645
whole corpus,0.2797309,0.3910441982914437
whole corpus,0.35560393,0.6193033161080227
whole corpus,0.35733223,0.6245027828381197
whole corpus,0.28700358,0.4129236138248326
whole corpus,0.3358048,0.5597388844161827
whole corpus,0.04626748,0.0
whole corpus,0.23283556,0.249962668506695
whole corpus,0.34281528,0.5808294858322556
whole corpus,0.21780661,0.20474904113762452
whole corpus,0.13181223,0.0
whole corpus,0.21935606,0.20941046814073652
whole corpus,0.38562799,0.709628718966501
whole corpus,0.24559286,0.2883421782037605
whole corpus,0.38954657,0.7214175360873717
whole corpus,0.46938452,0.9616048000925992
whole corpus,0.29752326,0.4445713956796244
whole corpus,0.46122316,0.9370518623764132
whole corpus,0.26669186,0.35181714826123556
whole corpus,0.22512823,0.2267756756731313
whole corpus,0.2995569,0.45068950181026923
whole corpus,0.06877363,0.0
whole corpus,0.43902493,0.8702699339303175
whole corpus,0.37559614,0.6794485545573046
whole corpus,0.27412564,0.3741811671481245
whole corpus,0.46816036,0.9579219939226884
whole corpus,0.19918191,0.1487178654966133
whole corpus,0.22132066,0.2153208358865415
whole corpus,0.2364859,0.26094447086626055
whole corpus,0.29764974,0.44495190569484255
whole corpus,0.34915954,0.5999157749509199
whole corpus,0.22814476,0.23585071401440172
whole corpus,0.23751342,0.2640357112773566
whole corpus,0.28089383,0.3945428462211899
whole corpus,0.6223327,1.0
whole corpus,0.24821524,0.2962314401062308
whole corpus,0.18664815,0.11101083821452042
whole corpus,0.2973895,0.4441690090282815
whole corpus,0.21745984,0.20370582146701405
whole corpus,0.24693123,0.29236855515084276
whole corpus,0.30727872,0.47392006859939273
whole corpus,0.3364487,0.561676042613356
whole corpus,0.29051173,0.4234776562214844
whole corpus,0.21903293,0.20843834753753132
whole corpus,0.30484563,0.4666002716737505
whole corpus,0.34816816,0.5969332901120339
whole corpus,0.3609334,0.6353366489288091
whole corpus,0.3079243,0.47586224766387336
whole corpus,0.30785736,0.4756608750215124
whole corpus,0.20068216,0.1532312665725045
whole corpus,0.13403852,0.0
whole corpus,0.48214322,0.999988523731869
whole corpus,0.5039419,1.0
whole corpus,0.33333176,0.5522989453085442
whole corpus,0.050883174,0.0
whole corpus,0.19049484,0.12258335457862528
whole corpus,0.31831706,0.5071281746282754
whole corpus,0.47957984,0.9922767405228776
whole corpus,0.33798215,0.5662893230853248
whole corpus,0.30740732,0.4743069443570898
whole corpus,0.42318445,0.8226149098330683
whole corpus,0.20800412,0.17525888734980377
whole corpus,0.22204411,0.2174972922059149
whole corpus,0.3012871,0.45589470667443166
whole corpus,0.2962065,0.4406100210325028
whole corpus,0.21045431,0.18263014816534595
whole corpus,0.46143037,0.9376752568476224
whole corpus,0.27331376,0.3717386945198085
whole corpus,0.32677394,0.532570164491234
whole corpus,0.145706,0.0
whole corpus,0.33726,0.5641168117331213
whole corpus,0.21898228,0.20828597318058897
whole corpus,0.2968399,0.44251552983397113
whole corpus,0.25651735,0.3212077893556089
whole corpus,0.31872588,0.5083581078018764
whole corpus,0.3341365,0.5547198999341145
whole corpus,0.2747359,0.3760171010740487
whole corpus,0.2969725,0.4429145094682126
whole corpus,0.15673113,0.02100744330129557
whole corpus,0.27031484,0.36271664426029915
whole corpus,0.20227471,0.15802233954215877
whole corpus,0.41287178,0.7915898948410723
whole corpus,0.22241619,0.21861667664041037
whole corpus,0.31226748,0.4889284272227301
whole corpus,0.16920346,0.05852963990563818
whole corpus,0.37250015,0.6701344870688684
whole corpus,0.41409034,0.7952558452421656
whole corpus,0.3538543,0.614039654003068
whole corpus,0.12705578,0.0
whole corpus,0.24053282,0.27311935681972527
whole corpus,0.24730837,0.2935031815039497
whole corpus,0.2927441,0.43019360419507807
whole corpus,0.21631037,0.20024769910910536
whole corpus,0.29261035,0.4297912175437352
whole corpus,0.13534036,0.0
whole corpus,0.15509716,0.01609174523240631
whole corpus,0.38739967,0.714958728246588
whole corpus,0.32452357,0.5258000628773972
whole corpus,0.3010248,0.45510553392373654
whole corpus,0.3323926,0.5494735418897011
whole corpus,0.27216315,0.36827716514479847
whole corpus,0.3757915,0.680036265007294
whole corpus,0.29561055,0.43881712311206983
whole corpus,0.35404372,0.6146095224424475
whole corpus,0.2902289,0.42262679852958523
whole corpus,0.4295668,0.8418157823163529
whole corpus,0.3471209,0.5937826958766979
whole corpus,0.2506214,0.30347023071737034
whole corpus,0.34911662,0.5997866669344463
whole corpus,0.24469966,0.285655027952558
whole corpus,0.19286174,0.1297040203205259
whole corpus,0.24766287,0.2945696675150289
whole corpus,0.36709833,0.6538834637869722
whole corpus,0.27151713,0.3663336412051462
whole corpus,0.2154657,0.1977065574723663
whole corpus,0.36115187,0.6359939342543427
whole corpus,0.3191409,0.5096066899111903
whole corpus,0.59195054,1.0
whole corpus,0.44438094,0.8863831523362969
whole corpus,0.357082,0.6237500113754025
whole corpus,0.3678072,0.6560160771757514
whole corpus,0.3293814,0.5404145523921452
whole corpus,0.23673153,0.26168343494388263
whole corpus,0.24334142,0.2815688488895119
whole corpus,0.2456524,0.2885213155766177
whole corpus,0.2127324,0.18948363203982194
whole corpus,0.37395737,0.6745184214949067
whole corpus,0.41030478,0.7838672629723633
whole corpus,0.42906266,0.8402991217561667
whole corpus,0.51688546,1.0
whole corpus,0.36050713,0.6340542656235157
whole corpus,0.2654192,0.3479883783060338
whole corpus,0.33988395,0.5720107806986923
whole corpus,0.3929112,0.731539783895595
whole corpus,0.26754797,0.35439267387319523
whole corpus,0.19027191,0.12191271015972051
whole corpus,0.33322677,0.5519830789599076
whole corpus,0.20917234,0.1787734048065749
whole corpus,0.17935598,0.08907283095282209
whole corpus,0.29579216,0.43936350106511873
whole corpus,0.2514365,0.3059223864469218
whole corpus,0.26902962,0.35885012814194783
whole corpus,0.22808051,0.23565741062307036
whole corpus,0.29286435,0.43055537561623863
whole corpus,0.2713739,0.3659027432001654
whole corpus,0.39378014,0.734153952254152
whole corpus,0.2721781,0.3683221736338747
whole corpus,0.46435037,0.946459891810172
whole corpus,0.23747009,0.26390534804405613
whole corpus,0.31334892,0.4921818595795212
whole corpus,0.29627833,0.44082609764340663
whole corpus,0.34226224,0.5791656959282963
whole corpus,0.27902752,0.3889281716964475
whole corpus,0.21619388,0.19989726946855868
whole corpus,0.30614406,0.47050650643883646
whole corpus,0.23459509,0.25525609718211445
whole corpus,0.2290557,0.2385912109807444
whole corpus,0.2547957,0.3160283164363964
whole corpus,0.15012437,0.0011314434818674739
whole corpus,0.26269424,0.339790557210026
whole corpus,0.35000896,0.6024712170936504
whole corpus,0.26357487,0.3424398716397341
whole corpus,0.27867046,0.38785397506771785
whole corpus,0.2742843,0.3746585081756979
whole corpus,0.369229,0.6602934078298542
whole corpus,0.49087447,1.0
whole corpus,0.3211048,0.5155149058567207
whole corpus,0.23495407,0.256336076774082
whole corpus,0.31832415,0.5071495133143314
whole corpus,0.04626748,0.0
whole corpus,0.44286653,0.8818271635466385
whole corpus,0.23434074,0.25449090803864616
whole corpus,0.36989394,0.6622938648184375
whole corpus,0.4823832,1.0
whole corpus,0.37684864,0.6832166258130947
whole corpus,0.52218187,1.0
whole corpus,0.22933769,0.23943955823898996
whole corpus,0.26437783,0.3448555364229629
whole corpus,0.2839444,0.4037202743921915
whole corpus,0.18862145,0.1169473861969992
whole corpus,0.49676347,1.0
whole corpus,0.34727168,0.5942362774429063
whole corpus,0.28671023,0.4120411067372284
whole corpus,0.23080474,0.24385307991880362
whole corpus,0.1809279,0.0938018603478932
whole corpus,0.34890246,0.5991423820689049
whole corpus,0.3014792,0.456472554706496
whole corpus,0.3013565,0.45610343130106407
whole corpus,0.30327797,0.46188406342198196
whole corpus,0.3952534,0.7385861228696785
whole corpus,0.3572212,0.6241687158454942
whole corpus,0.4221602,0.8195335318398973
whole corpus,0.41081074,0.7853893926915807
whole corpus,0.4392396,0.87091574298772
whole corpus,0.21803227,0.20542793412424845
whole corpus,0.37877935,0.6890250520208924
whole corpus,0.3838804,0.7043712432873358
whole corpus,0.2991881,0.44957997979369885
whole corpus,0.28476062,0.4061758371388444
whole corpus,0.22533576,0.22740001155696063
whole corpus,0.17510198,0.07627495399069965
whole corpus,0.24649435,0.29105425347481
whole corpus,0.2944659,0.4353735254060144
whole corpus,0.28888622,0.4185874211225108
whole corpus,0.2506804,0.3036476645816768
whole corpus,0.27100182,0.36478335876567
whole corpus,0.34916335,0.5999272512190509
whole corpus,0.26646453,0.3511332344073043
whole corpus,0.2847814,0.40623832900515144
whole corpus,0.539264,1.0
whole corpus,0.26954144,0.36038992055508556
whole corpus,0.23381686,0.25291484882504756
whole corpus,0.41875625,0.8092929350165731
whole corpus,0.36670572,0.6527023047529278
whole corpus,0.3088687,0.4787034309513965
whole corpus,0.26761892,0.3546061503921006
whole corpus,0.20038745,0.1523446352010407
whole corpus,0.1959469,0.13898554182980938
whole corpus,0.3607036,0.6346452934322617
whole corpus,0.30939656,0.48029145955402236
whole corpus,0.53499347,1.0
whole corpus,0.30014545,0.4524600748028536
whole corpus,0.31858605,0.5079374308481998
whole corpus,0.29124752,0.42569123109559404
whole corpus,0.33262795,0.5501815738383764
whole corpus,0.2766136,0.38166602508649455
whole corpus,0.25386947,0.313241824739185
whole corpus,0.09917398,0.0
whole corpus,0.2291222,0.23879128357710616
whole corpus,0.21566674,0.1983113926662074
whole corpus,0.29434198,0.4350007260084468
whole corpus,0.25276434,0.3099171139982991
whole corpus,0.3413069,0.5762916080282413
whole corpus,0.4591278,0.9307481634720876
whole corpus,0.49020678,1.0
whole corpus,0.38329172,0.7026002220030275
whole corpus,0.21152546,0.18585260356401784
whole corpus,0.5280992,1.0
whole corpus,0.44671565,0.8934069870658423
whole corpus,0.2867015,0.4120148368422098
whole corpus,0.11965613,0.0
whole corpus,0.29807475,0.44623052334965546
whole corpus,0.30416954,0.46456628246422194
whole corpus,0.25446966,0.3150474541445758
whole corpus,0.3040984,0.4643522679952479
whole corpus,0.36435,0.6456152608903172
whole corpus,0.17870542,0.08711567894476432
whole corpus,0.31374353,0.49336902572266533
whole corpus,0.2072697,0.17304943675955375
whole corpus,0.21503228,0.19640265616432726
whole corpus,0.1407058,0.0
whole corpus,0.27649733,0.3813162678835336
whole corpus,0.2543704,0.3147488021981357
whole corpus,0.23045428,0.24279874261344123
whole corpus,0.2871461,0.41335236002953885
whole corpus,0.35768688,0.6255697171409227
whole corpus,0.32854062,0.537885111169399
whole corpus,0.16901895,0.05797456509314628
whole corpus,0.18380272,0.10245057325976627
whole corpus,0.22477396,0.22570986209963795
whole corpus,0.23066361,0.24342850282712933
whole corpus,0.30202228,0.45810639872330106
whole corpus,0.2117688,0.18658470877826475
whole corpus,0.16209505,0.037144465997812424
whole corpus,0.34206116,0.5785607710761104
whole corpus,0.26022106,0.33235016981066356
whole corpus,0.27961183,0.3906860132040741
whole corpus,0.36063486,0.6344385412892144
whole corpus,0.26034522,0.3327236864749894
whole corpus,0.33075583,0.5445494159364032
whole corpus,0.28364682,0.4028250358196295
whole corpus,0.147353,0.0
whole corpus,0.3556832,0.6195418073051199
whole corpus,0.26067546,0.33371719059342303
whole corpus,0.35662234,0.6223671210656181
whole corpus,0.23066588,0.24343531686133213
whole corpus,0.32131252,0.516139824519791
whole corpus,0.21174455,0.1865117268856192
whole corpus,0.34572533,0.5895841749076508
whole corpus,0.3833568,0.7027960358280125
whole corpus,0.40988815,0.7826138393124317
whole corpus,0.49730292,1.0
whole corpus,0.21372142,0.1924590338694708
whole corpus,0.51539487,1.0
whole corpus,0.21964484,0.21027925750159043
whole corpus,0.10479839,0.0
whole corpus,0.41162047,0.787825409919073
whole corpus,0.2948146,0.4364225280398628
whole corpus,0.47214326,0.9699042937515799
whole corpus,0.28782707,0.4154010532076102
whole corpus,0.2602127,0.33232497581578224
whole corpus,0.4834851,1.0
whole corpus,0.3597371,0.6317376733112615
whole corpus,0.2754595,0.378194005685146
whole corpus,0.3140393,0.4942587951361962
whole corpus,0.4075625,0.7756172607196974
whole corpus,0.3952534,0.7385861228696785
whole corpus,0.25127646,0.3054409211354889
whole corpus,0.16065969,0.03282625113849287
whole corpus,0.35004288,0.6025732482900025
whole corpus,0.25976482,0.3309775902105281
whole corpus,0.49924478,1.0
whole corpus,0.33176953,0.5475990548755244
whole corpus,0.26573747,0.34894592942821334
whole corpus,0.20225233,0.15795500612523397
whole corpus,0.335459,0.5586985786417774
whole corpus,0.4197829,0.8123815753356708
whole corpus,0.22946864,0.23983351700592412
whole corpus,0.34039345,0.5735435797609377
whole corpus,0.48818845,1.0
whole corpus,0.3004278,0.4533094979612365
whole corpus,0.31562918,0.4990418885131656
whole corpus,0.33498654,0.5572772249020852
whole corpus,0.43738306,0.8653304764000632
whole corpus,0.28391775,0.40364011983196413
whole corpus,0.20174287,0.1564223415505057
whole corpus,0.2692418,0.3594884955567342
whole corpus,0.3224147,0.5194556590845444
whole corpus,0.38725835,0.7145335683756727
whole corpus,0.48625928,1.0
whole corpus,0.34051394,0.5739060684488564
whole corpus,0.3239471,0.524065801514446
whole corpus,0.42904943,0.8402593134510873
whole corpus,0.26317838,0.34124705702086927
whole corpus,0.22026373,0.2121411475183265
whole corpus,0.18159053,0.0957953239855842
whole corpus,0.48462003,1.0
whole corpus,0.085649155,0.0
whole corpus,0.19978663,0.15053712297040966
whole corpus,0.25391948,0.3133922714417147
whole corpus,0.34790105,0.5961296823678303
whole corpus,0.31263292,0.4900278178463411
whole corpus,0.20547792,0.16765899775508952
whole corpus,0.1423708,0.0
whole corpus,0.37491405,0.6773965440204766
whole corpus,0.25157738,0.30634620144266556
whole corpus,0.21528715,0.19716941432882906
whole corpus,0.09847259,0.0
whole corpus,0.46655664,0.9530972990737441
whole corpus,0.42207843,0.8192875093418391
whole corpus,0.22918004,0.23896526559513886
whole corpus,0.3176869,0.5052323489280426
whole corpus,0.3201596,0.5126713914522334
whole corpus,0.20212083,0.1575593886789215
whole corpus,0.37912256,0.6900575575193024
whole corpus,0.29962236,0.4508863915353915
whole corpus,0.29966635,0.45101872725227704
whole corpus,0.29958567,0.4507760221129755
whole corpus,0.25590873,0.3193767866386472
whole corpus,0.28386432,0.4034793624197855
whole corpus,0.5668148,1.0
whole corpus,0.41723073,0.8047035036643141
whole corpus,0.29326683,0.4317662115624029
whole corpus,0.3524496,0.6098136975805203
whole corpus,0.28674364,0.4121416137417193
whole corpus,0.30244863,0.4593890510036288
whole corpus,0.3952534,0.7385861228696785
whole corpus,0.44637176,0.8923724194255025
whole corpus,0.26437724,0.34485374325606744
whole corpus,0.27767503,0.3848592966939427
whole corpus,0.28203273,0.39796913986670407
whole corpus,0.5180585,1.0
whole corpus,0.4025219,0.7604529862347992
whole corpus,0.3618572,0.638115878300094
whole corpus,0.32866555,0.5382609589506889
whole corpus,0.48852456,1.0
whole corpus,0.3657167,0.649726902923279
whole corpus,0.44447076,0.8866533825874439
whole corpus,0.17687121,0.08159756645734283
whole corpus,0.30928922,0.4799685101961487
whole corpus,0.5939834,1.0
whole corpus,0.2348155,0.25591916547088583
whole corpus,0.4099856,0.7829070220998405
whole corpus,0.2947711,0.4362917165148385
whole corpus,0.42043537,0.814344465477794
whole corpus,0.4422726,0.88004036239365
whole corpus,0.17860399,0.08681052676832818
whole corpus,0.25966924,0.33069005589883993
whole corpus,0.22107816,0.2145912859351206
whole corpus,0.24736331,0.2936684666625394
whole corpus,0.43513486,0.8585669198453949
whole corpus,0.27230132,0.36869282123116776
whole corpus,0.23177446,0.24677042797021173
whole corpus,0.25843373,0.3269730898995705
whole corpus,0.42697948,0.8340320034565085
whole corpus,0.4453951,0.8894342258089346
whole corpus,0.3490414,0.5995603692722383
whole corpus,0.4058802,0.7705562264739305
whole corpus,0.2766304,0.3817165923929467
whole corpus,0.22343706,0.22168787841144957
whole corpus,0.46477014,0.9477227295963048
whole corpus,0.18445316,0.10440736663444496
whole corpus,0.18312246,0.10040403188196945
whole corpus,0.4613865,0.9375432797641161
whole corpus,0.39242843,0.7300874083686113
whole corpus,0.44930738,0.9012040353607133
whole corpus,0.3490051,0.5994511654083043
whole corpus,0.28468806,0.40595751906932126
whole corpus,0.33160523,0.5471047684207888
whole corpus,0.24736129,0.2936623698950948
whole corpus,0.31101692,0.48516618375935017
whole corpus,0.18390685,0.1027638395164044
whole corpus,0.3952534,0.7385861228696785
whole corpus,0.2402606,0.2723004174985654
whole corpus,0.29271933,0.4301190981105714
whole corpus,0.3453091,0.588332006464546
whole corpus,0.40294224,0.7617175275294827
whole corpus,0.24372053,0.28270939269337386
whole corpus,0.1423781,0.0
whole corpus,0.6349963,1.0
whole corpus,0.3365042,0.561842986451324
whole corpus,0.5251045,1.0
whole corpus,0.37283358,0.6711375846301927
whole corpus,0.4057433,0.7701443360380417
whole corpus,0.46447563,0.9468367258332544
whole corpus,0.22533676,0.22740301511151054
whole corpus,0.35540324,0.6186995568143189
whole corpus,0.22526056,0.22717375872392506
whole corpus,0.41806263,0.8072062267003178
whole corpus,0.25576556,0.318946067950356
whole corpus,0.35158908,0.6072249025335341
whole corpus,0.4862447,1.0
whole corpus,0.3011698,0.4555418114294037
whole corpus,0.109759495,0.0
whole corpus,0.24875507,0.29785546653428313
whole corpus,0.15808569,0.025082549558762147
whole corpus,0.19836614,0.146263647625132
whole corpus,0.29479665,0.4363685537163092
whole corpus,0.4349215,0.8579250557551624
whole corpus,0.24231964,0.2784949125389571
whole corpus,0.43525198,0.8589192771403543
whole corpus,0.28233138,0.3988676061396779
whole corpus,0.1454004,0.0
whole corpus,0.30612057,0.47043585566315504
whole corpus,0.19845928,0.14654387478172115
whole corpus,0.312746,0.49036798160641126
whole corpus,0.2679217,0.3555169895166532
whole corpus,0.37254152,0.6702589328514138
whole corpus,0.36262363,0.6404216219526305
whole corpus,0.25370803,0.3127561454855477
whole corpus,0.13242275,0.0
whole corpus,0.26417747,0.34425276337105154
whole corpus,0.23301007,0.2504876629445154
whole corpus,0.28376186,0.40317111703045466
whole corpus,0.37358266,0.6733911471260713
whole corpus,0.19029424,0.12197986425995576
whole corpus,0.44753122,0.8958605773289102
whole corpus,0.28787184,0.41553572004145983
whole corpus,0.30676687,0.4723801865279102
whole corpus,0.49249566,1.0
whole corpus,0.109759495,0.0
whole corpus,0.27498344,0.3767618032857363
whole corpus,0.37526762,0.6784602506228677
whole corpus,0.3388157,0.568796977330291
whole corpus,0.3061453,0.47051027208931695
whole corpus,0.320476,0.5136232044403475
whole corpus,0.22643648,0.23071145286282008
whole corpus,0.31366968,0.49314685234431693
whole corpus,0.26360053,0.342517067474584
whole corpus,0.40388957,0.7645674973347937
whole corpus,0.48485798,1.0
whole corpus,0.23085225,0.24399599532037236
whole corpus,0.28261793,0.39972967112467384
whole corpus,0.16391811,0.0426290014351163
whole corpus,0.33150068,0.5467902469473239
whole corpus,0.39432356,0.7357887825127495
whole corpus,0.2380928,0.2657787143289232
whole corpus,0.22241676,0.21861838014896107
whole corpus,0.1342625,0.0
whole corpus,0.13927123,0.0
whole corpus,0.25923544,0.32938498903231883
whole corpus,0.4359967,0.8611597495178959
whole corpus,0.35664016,0.6224207367557926
whole corpus,0.39319175,0.7323838275532915
whole corpus,0.23361206,0.252298716679765
whole corpus,0.3412804,0.5762119017597378
whole corpus,0.20836338,0.1763397186960467
whole corpus,0.21315426,0.19075274591008892
whole corpus,0.38329247,0.7026024634616468
whole corpus,0.34483734,0.5869127148667836
whole corpus,0.34410256,0.5847021883763963
whole corpus,0.19629347,0.14002817872117881
whole corpus,0.35001358,0.6024851141370902
whole corpus,0.35109544,0.6057398017107081
whole corpus,0.61654735,1.0
whole corpus,0.25861228,0.3275102330431078
whole corpus,0.63246834,1.0
whole corpus,0.31684417,0.5026970799128861
whole corpus,0.3905049,0.724300589821904
whole corpus,0.33088714,0.5449444506034746
whole corpus,0.2627512,0.3399618943068879
whole corpus,0.23173659,0.24665647221400477
whole corpus,0.22907248,0.2386416886288518
whole corpus,0.2131108,0.19062202404340933
whole corpus,0.32833734,0.5372735515996999
whole corpus,0.38324273,0.7024528236842201
whole corpus,0.31953025,0.5107779865273095
whole corpus,0.36987826,0.6622467045290868
whole corpus,0.18389001,0.10271318255160745
whole corpus,0.3274868,0.5347147920982128
whole corpus,0.22932687,0.23940701225983724
whole corpus,0.26165444,0.3366623775608833
whole corpus,0.20417595,0.16374209364697556
whole corpus,0.29658788,0.44175737887056754
whole corpus,0.5017569,1.0
whole corpus,0.30033815,0.4530398056601582
whole corpus,0.21132371,0.18524566139907453
whole corpus,0.28596035,0.40978512346604096
whole corpus,0.37263557,0.6705418945875184
whole corpus,0.2610086,0.3347193915712997
whole corpus,0.16160394,0.03566698613429215
whole corpus,0.36442822,0.6458506140453473
whole corpus,0.40257496,0.7606125780884957
whole corpus,0.40149164,0.757353497255984
whole corpus,0.33736494,0.5644324987650684
whole corpus,0.27234775,0.36883250893232467
whole corpus,0.29259425,0.4297428020375576
whole corpus,0.38930297,0.7206846687771942
whole corpus,0.29842067,0.4472711877574399
whole corpus,0.42348218,0.8235105966973542
whole corpus,0.17430985,0.07389188001579601
whole corpus,0.28767866,0.41495455465063885
whole corpus,0.38340232,0.7029329441204815
whole corpus,0.3109851,0.48507042864713223
whole corpus,0.29802537,0.446081959472366
whole corpus,0.2064608,0.1706159299657151
whole corpus,0.23851919,0.26706150109676813
whole corpus,0.14634016,0.0
whole corpus,0.37165493,0.6675916867527509
whole corpus,0.2648997,0.34642554369828926
whole corpus,0.43229604,0.8500265142140081
whole corpus,0.2453247,0.2875354324174898
whole corpus,0.20342186,0.1614734685491751
whole corpus,0.41909978,0.8103264267567757
whole corpus,0.23289081,0.2501288950779048
whole corpus,0.22796291,0.23530361879459466
whole corpus,0.40035868,0.7539450456210797
whole corpus,0.22942771,0.23971037126937791
whole corpus,0.2265127,0.23094075407957798
whole corpus,0.42975968,0.8423960511237262
whole corpus,0.32575113,0.5294930900986121
whole corpus,0.4231308,0.8224535248124762
whole corpus,0.20628214,0.17007842818879879
whole corpus,0.5846917,1.0
whole corpus,0.4135123,0.7935168319869415
whole corpus,0.42762613,0.8359774102214009
whole corpus,0.2819509,0.3977229380519564
whole corpus,0.41832784,0.808004096310456
whole corpus,0.33645254,0.5616876085398318
whole corpus,0.36739987,0.654790626919389
whole corpus,0.31891668,0.5089321005251155
whole corpus,0.38117516,0.6962326863572231
whole corpus,0.5446399,1.0
whole corpus,0.2501611,0.3020854575823457
whole corpus,0.37396353,0.6745369807722749
whole corpus,0.27709523,0.38311499359637685
whole corpus,0.26312745,0.3410938309096516
whole corpus,0.29015854,0.4224151151775753
whole corpus,0.43610835,0.8614956096774169
whole corpus,0.25157416,0.30633651834143
whole corpus,0.30446866,0.4654661832707122
whole corpus,0.5420816,1.0
whole corpus,0.2823959,0.39906171645611227
whole corpus,0.38949025,0.7212480818157501
whole corpus,0.1706106,0.06276294831245736
whole corpus,0.55100775,1.0
whole corpus,0.33218175,0.5488392091004296
whole corpus,0.17291665,0.06970053171433076
whole corpus,0.5076644,1.0
whole corpus,0.4933785,1.0
whole corpus,0.551851,1.0
whole corpus,0.24802792,0.2956678925801578
whole corpus,0.23421612,0.25411600166997633
whole corpus,0.13073057,0.0
whole corpus,0.33215198,0.548749640414001
whole corpus,0.2399077,0.2712387282089316
whole corpus,0.48788944,1.0
whole corpus,0.4733107,0.9734164800913869
whole corpus,0.44390836,0.8849614399632257
whole corpus,0.42127115,0.8168588440986183
whole corpus,0.3216713,0.5172192213325175
whole corpus,0.3055957,0.46885679289500654
whole corpus,0.31532282,0.49812020072889546
whole corpus,0.17934763,0.08904772661628554
whole corpus,0.26808134,0.3559972892696041
whole corpus,0.32711524,0.5335969318555785
whole corpus,0.413301,0.7928811543224983
whole corpus,0.3018616,0.45762305058662783
whole corpus,0.33317643,0.5518316460155854
whole corpus,0.39432356,0.7357887825127495
whole corpus,0.4232045,0.8226752498991008
whole corpus,0.21978125,0.21068962374561812
whole corpus,0.26638263,0.3508868532758671
whole corpus,0.40963984,0.78186680598378
whole corpus,0.2757218,0.37898308877749637
whole corpus,0.3172503,0.5039189438354575
whole corpus,0.3275349,0.5348595006666771
whole corpus,0.23868611,0.26756367748584375
whole corpus,0.28684863,0.4124574800903559
whole corpus,0.22174922,0.21661012288438247
whole corpus,0.24298413,0.28049397982319646
whole corpus,0.2788,0.38824371989244766
whole corpus,0.38075674,0.6949738831966051
whole corpus,0.14756948,0.0
whole corpus,0.56308985,1.0
whole corpus,0.22381207,0.2228160941929052
whole corpus,0.16357425,0.041594523453121215
whole corpus,0.21509059,0.19657807271587632
whole corpus,0.22873628,0.23763025284146347
whole corpus,0.28979945,0.421334821781401
whole corpus,0.28393614,0.4036954390306893
whole corpus,0.30856407,0.4777869433511232
whole corpus,0.21624163,0.2000409021368856
whole corpus,0.29066566,0.4239407415722389
whole corpus,0.37212235,0.6689978882321764
whole corpus,0.28270927,0.4000044739514042
whole corpus,0.34037253,0.5734806396029067
whole corpus,0.33694902,0.5631812269054113
whole corpus,0.21110912,0.18460007648753393
whole corpus,0.3017215,0.45720156670784823
whole corpus,0.3204286,0.5134806476721578
whole corpus,0.2593136,0.3296201628706594
whole corpus,0.42348832,0.8235290663163775
whole corpus,0.38522285,0.708409903427652
whole corpus,0.31562734,0.4990363296957897
whole corpus,0.41390073,0.7946854388527175
whole corpus,0.23948646,0.2699714523347324
whole corpus,0.328434,0.5375643136117999
whole corpus,0.28997266,0.4218559160812238
whole corpus,0.5592748,1.0
whole corpus,0.58239686,1.0
whole corpus,0.3952534,0.7385861228696785
whole corpus,0.19348213,0.13157043808367302
whole corpus,0.36784035,0.6561157772551394
whole corpus,0.14645982,0.0
whole corpus,0.05159264,0.0
whole corpus,0.109463975,0.0
whole corpus,0.24159028,0.27630065903814616
whole corpus,0.34210378,0.5786889825091363
whole corpus,0.29323626,0.4316742221006654
whole corpus,0.14421256,0.0
whole corpus,0.37331405,0.6725830564646289
whole corpus,0.32173523,0.5174115384820565
whole corpus,0.41046578,0.784351597350829
whole corpus,0.34621793,0.5910661376884098
whole corpus,0.21287754,0.18992026817886823
whole corpus,0.30093786,0.4548440005320326
whole corpus,0.134818,0.0
whole corpus,0.3327315,0.5504930469281191
whole corpus,0.5619493,1.0
whole corpus,0.42437103,0.8261846568302198
whole corpus,0.25279158,0.30999906172542196
whole corpus,0.2031135,0.1605457736558051
whole corpus,0.2992027,0.44962391238263777
whole corpus,0.3600542,0.6326916380996501
whole corpus,0.52098334,1.0
whole corpus,0.2880202,0.4159820392817416
whole corpus,0.1878096,0.11450500322702797
whole corpus,0.33764875,0.5652863151823452
whole corpus,0.29346249,0.43235481859584
whole corpus,0.36650288,0.6520920900584003
whole corpus,0.4805404,0.9951665186332679
whole corpus,0.3825187,0.700274663856296
whole corpus,0.34604424,0.5905436088550705
whole corpus,0.21006702,0.1814649931458437
whole corpus,0.16979101,0.06029725417284506
whole corpus,0.23199546,0.2474352894258786
whole corpus,0.26659992,0.3515405522676097
whole corpus,0.27442223,0.37507344699530903
whole corpus,0.44265175,0.8811809958558569
whole corpus,0.31710318,0.5034763005873115
whole corpus,0.15736341,0.02290963474400727
whole corpus,0.25370803,0.3127561454855477
whole corpus,0.28880477,0.4183423848662452
whole corpus,0.2963493,0.441039574162312
whole corpus,0.3411823,0.5759167464887439
whole corpus,0.28010136,0.3921587411753214
whole corpus,0.29660168,0.44179889068419764
whole corpus,0.31271982,0.49028926157970026
whole corpus,0.28726655,0.41371475905911276
whole corpus,0.33353463,0.5529092496614164
whole corpus,0.36778077,0.6559365502239374
whole corpus,0.225453,0.22775272748529907
whole corpus,0.35989046,0.6321990551534653
whole corpus,0.3359968,0.5603165531315575
whole corpus,0.46856678,0.9591446647703628
whole corpus,0.3853299,0.7087319562020779
whole corpus,0.3230164,0.5212658610655186
whole corpus,0.21970516,0.21046072599141172
whole corpus,0.3499223,0.6022104906270493
whole corpus,0.23949498,0.26999709462133764
whole corpus,0.38430434,0.7056466332417368
whole corpus,0.37601155,0.6806983022251004
whole corpus,0.38544303,0.7090722992788376
whole corpus,0.3125713,0.4898424043893498
whole corpus,0.32143348,0.5165037477412261
whole corpus,0.13152626,0.0
whole corpus,0.39194578,0.7286353914750067
whole corpus,0.32724816,0.5339968080732678
whole corpus,0.1203544,0.0
whole corpus,0.40753296,0.775528409300027
whole corpus,0.39611632,0.7411821802425913
whole corpus,0.29656777,0.44169685948784554
whole corpus,0.32308483,0.5214717166251183
whole corpus,0.25872403,0.3278464518360079
whole corpus,0.22866848,0.23742628010710407
whole corpus,0.19836625,0.1462640062585111
whole corpus,0.2741254,0.37418044988136634
whole corpus,0.18095511,0.09388371841667129
whole corpus,0.35007304,0.602663982534913
whole corpus,0.35611534,0.6208418533043336
whole corpus,0.30481642,0.4665124064958726
whole corpus,0.49283183,1.0
whole corpus,0.21663699,0.20123030973864905
whole corpus,0.18295638,0.09990441075571987
whole corpus,0.51648104,1.0
whole corpus,0.27763885,0.3847504514633878
whole corpus,0.27816725,0.38634009391621954
whole corpus,0.21448746,0.19476361196352537
whole corpus,0.19161084,0.12594079061535346
whole corpus,0.3233003,0.5221199464578297
whole corpus,0.38104415,0.6958385482735995
whole corpus,0.29263973,0.4298796206716818
whole corpus,0.43748432,0.8656351354556031
whole corpus,0.34421003,0.5850254963676491
whole corpus,0.35839635,0.6277041236965974
whole corpus,0.33695275,0.563192434198508
whole corpus,0.31776738,0.5054745161172755
whole corpus,0.09032133,0.0
whole corpus,0.26885915,0.35833728240984414
whole corpus,0.27250168,0.3692955942830791
whole corpus,0.39462736,0.7367027596793692
whole corpus,0.36695302,0.6534462896978572
whole corpus,0.35501906,0.6175437710918454
whole corpus,0.34619793,0.5910059769390668
whole corpus,0.2780725,0.38605507003818507
whole corpus,0.22738706,0.23357119542771132
whole corpus,0.22878307,0.23777101644275767
whole corpus,0.12965246,0.0
whole corpus,0.53531456,1.0
whole corpus,0.21164349,0.18620769543849275
whole corpus,0.12908748,0.0
whole corpus,0.22033471,0.21235466886640428
whole corpus,0.19089967,0.12380127353402666
whole corpus,0.2810468,0.3950030625049116
whole corpus,0.47221613,0.9701235084045509
whole corpus,0.3231547,0.521681875785267
whole corpus,0.3561122,0.6208324391781325
whole corpus,0.25162247,0.3064818545183076
whole corpus,0.23274618,0.24969378313071966
whole corpus,0.24289602,0.28022890492687397
whole corpus,0.2916032,0.42676130344046415
whole corpus,0.5429288,1.0
whole corpus,0.5191568,1.0
whole corpus,0.07850234,0.0
whole corpus,0.25179234,0.3069929070835158
whole corpus,0.29967767,0.4510527974232909
whole corpus,0.15507588,0.01602772917423813
whole corpus,0.45983464,0.9328745904350775
whole corpus,0.39432356,0.7357887825127495
whole corpus,0.3072217,0.47374855218584133
whole corpus,0.18037875,0.0921497708579268
whole corpus,0.35134244,0.6064828900721898
whole corpus,0.17187665,0.06657176928594705
whole corpus,0.3710393,0.6657396143247676
whole corpus,0.28978968,0.42130541384431536
whole corpus,0.26157206,0.3364145618959297
whole corpus,0.3089739,0.4790199249084465
whole corpus,0.57418156,1.0
whole corpus,0.31678548,0.5025205426320274
whole corpus,0.33529964,0.5582191754722742
whole corpus,0.45662996,0.9232335389632528
whole corpus,0.35415345,0.6149396444679031
whole corpus,0.2887717,0.4182428641035468
whole corpus,0.40952277,0.7815146280055102
whole corpus,0.35295483,0.6113336754994632
whole corpus,0.53120875,1.0
whole corpus,0.29047713,0.42337356288320255
whole corpus,0.33128977,0.5461557348413628
whole corpus,0.47851035,0.9890592611623407
whole corpus,0.39685887,0.7434161075609644
whole corpus,0.2491067,0.29891334534426406
whole corpus,0.34452257,0.5859657434292873
whole corpus,0.36175907,0.6378206333707552
whole corpus,0.29123175,0.4256438018312089
whole corpus,0.28618377,0.4104572920768069
whole corpus,0.30223122,0.4587349933785071
whole corpus,0.30079353,0.4544097851682952
whole corpus,0.1756974,0.0780662380609267
whole corpus,0.3807931,0.6950832663772286
whole corpus,0.3276067,0.5350754876192361
whole corpus,0.3193308,0.5101779928840862
whole corpus,0.38739967,0.714958728246588
whole corpus,0.27321666,0.3714465876325369
whole corpus,0.33177334,0.5476105311436554
whole corpus,0.33348775,0.5527682170850879
whole corpus,0.59482443,1.0
whole corpus,0.31692407,0.5029374539352236
whole corpus,0.47767568,0.986548199900273
whole corpus,0.18365455,0.1020047919695531
whole corpus,0.18567288,0.10807681371098445
whole corpus,0.28065103,0.3938123996863213
whole corpus,0.31367555,0.49316451503823727
whole corpus,0.287729,0.4151059875949611
whole corpus,0.19901493,0.14821550979084816
whole corpus,0.3204667,0.5135952310367782
whole corpus,0.34546518,0.5888015472161241
whole corpus,0.20561326,0.16806613629870537
whole corpus,0.34439084,0.585569453545389
whole corpus,0.32038784,0.5133579950565078
whole corpus,0.22536027,0.22747375554553673
whole corpus,0.5265081,1.0
whole corpus,0.27904397,0.3889776631027624
whole corpus,0.36640218,0.6517891345114111
whole corpus,0.38739967,0.714958728246588
whole corpus,0.32738215,0.5343999119913688
whole corpus,0.23604167,0.25960802357906876
whole corpus,0.24386895,0.28315589125034524
whole corpus,0.50306726,1.0
whole corpus,0.31712312,0.5035362820199648
whole corpus,0.2125456,0.1889216535347825
whole corpus,0.23202667,0.24752916171285633
whole corpus,0.16095549,0.033716155039540896
whole corpus,0.14485356,0.0
whole corpus,0.5399766,1.0
whole corpus,0.20794553,0.17508261904397934
whole corpus,0.3137582,0.4934131376282938
whole corpus,0.17416947,0.07346954438274107
whole corpus,0.2131145,0.19063314167816123
whole corpus,0.5616475,1.0
whole corpus,0.3395483,0.5710009587615098
whole corpus,0.21520448,0.19692070208042775
whole corpus,0.23924378,0.2692413644332429
whole corpus,0.4037637,0.7641888701448157
whole corpus,0.22282921,0.21985920681145205
whole corpus,0.18852869,0.1166683245988921
whole corpus,0.36180764,0.6379667764727358
whole corpus,0.5297206,1.0
whole corpus,0.196439,0.14046598041870717
whole corpus,0.2162162,0.19996442356879393
whole corpus,0.39709142,0.7441157116252309
whole corpus,0.26659542,0.3515270138575489
whole corpus,0.23450328,0.2549799046510401
whole corpus,0.19694439,0.14198640662937387
whole corpus,0.27024925,0.36251930624345297
whole corpus,0.41991553,0.8127805549699122
whole corpus,0.24256583,0.2792355352959575
whole corpus,0.18185116,0.09657943103979966
whole corpus,0.25996956,0.33159354303912114
whole corpus,0.3062079,0.470698554613341
whole corpus,0.41045433,0.7843171685464361
whole corpus,0.17598762,0.07893933102232972
whole corpus,0.23761696,0.26434718436709925
whole corpus,0.28686523,0.41250741978839467
whole corpus,0.35740608,0.6247249562164681
whole corpus,0.3972749,0.7446677380540005
whole corpus,0.24683948,0.29209254193645795
whole corpus,0.39944032,0.7511822237268885
whole corpus,0.22071514,0.21349915763743627
whole corpus,0.47718304,0.9850661474611693
whole corpus,0.15614614,0.019247539651739195
whole corpus,0.3153087,0.49807770267347284
whole corpus,0.2710814,0.36502274654621486
whole corpus,0.28710097,0.413216617295552
whole corpus,0.32549876,0.5287338632350712
whole corpus,0.46975648,0.9627238258937155
whole corpus,0.18977797,0.12042671275344677
whole corpus,0.32681203,0.5326847478558543
whole corpus,0.4185789,0.8087593782068269
whole corpus,0.38391852,0.7044859163103009
whole corpus,0.2740299,0.3738931845447125
whole corpus,0.35109007,0.6057236632086489
whole corpus,0.20216358,0.1576880035744989
whole corpus,0.27427378,0.3746268587799929
whole corpus,0.36479756,0.6469617499121236
whole corpus,0.33496976,0.5572267472539778
whole corpus,0.24645361,0.29093169051750484
whole corpus,0.30298996,0.4610176051780922
whole corpus,0.2303105,0.24236618592908213
whole corpus,0.099404275,0.0
whole corpus,0.30300897,0.46107480720205757
whole corpus,0.32183892,0.517723459863523
whole corpus,0.4082128,0.777573695460997
whole corpus,0.26749516,0.3542337992862568
whole corpus,0.2973804,0.44414157357478085
whole corpus,0.24342304,0.28181442309584614
whole corpus,0.30349863,0.462547893806684
whole corpus,0.2888307,0.41842038762619804
whole corpus,0.2561146,0.31999614648434166
whole corpus,0.4960775,1.0
whole corpus,0.2838387,0.4034022562432804
whole corpus,0.38043007,0.6939911380795443
whole corpus,0.23486549,0.2560695673442432
whole corpus,0.4287377,0.839321487164758
whole corpus,0.35231623,0.6094124764876594
whole corpus,0.20805803,0.1754210792954988
whole corpus,0.3225925,0.5199905607694623
whole corpus,0.45420295,0.9159320323399442
whole corpus,0.19034217,0.12212407970752372
whole corpus,0.22168618,0.2164204954851868
whole corpus,0.42781025,0.8365313194754108
whole corpus,0.35260773,0.6102894247578877
whole corpus,0.32102028,0.5152606347909434
whole corpus,0.3090688,0.4793053970782049
whole corpus,0.41151217,0.7874995914941666
whole corpus,0.30388355,0.46370592098777674
whole corpus,0.35309798,0.6117643045294096
whole corpus,0.3781718,0.6871972770043425
whole corpus,0.40305275,0.7620499806719023
whole corpus,0.31529182,0.49802695605033115
whole corpus,0.16377342,0.042193710171241613
whole corpus,0.2363621,0.26057203010207197
whole corpus,0.2811007,0.3951651647922618
whole corpus,0.4769948,0.9844998653555808
whole corpus,0.58029944,1.0
whole corpus,0.27109608,0.36506694811018814
whole corpus,0.31596905,0.5000643522769611
whole corpus,0.04626748,0.0
whole corpus,0.2067116,0.17137044976615534
whole corpus,0.25284794,0.3101686056553884
whole corpus,0.28947285,0.4203522559810297
whole corpus,0.33706543,0.5635314324000961
whole corpus,0.25419134,0.31421013486273736
whole corpus,0.2936864,0.43302842174012235
whole corpus,0.31432757,0.4951260603051889
whole corpus,0.3424298,0.5796697551426121
whole corpus,0.26540473,0.34794489400881873
whole corpus,0.3191885,0.5097498742877933
whole corpus,0.065657616,0.0
whole corpus,0.415281,0.798837875432551
whole corpus,0.1842366,0.10375586427214929
whole corpus,0.36422408,0.6452364543836497
whole corpus,0.21647415,0.2007404165428074
whole corpus,0.34331203,0.582323911122938
whole corpus,0.24639317,0.2907498633943044
whole corpus,0.27428564,0.3746625428012127
whole corpus,0.27310643,0.3711149414152202
whole corpus,0.3664063,0.6518015073629898
whole corpus,0.3854499,0.7090929206981355
whole corpus,0.4226724,0.8210744001531723
whole corpus,0.39086944,0.7253972906951718
whole corpus,0.18928917,0.11895618141164643
whole corpus,0.29269385,0.4300424402257902
whole corpus,0.18865165,0.117038254929427
whole corpus,0.22071344,0.21349404711178419
whole corpus,0.3060653,0.47026953943360045
whole corpus,0.2915511,0.4266045806538003
whole corpus,0.26372045,0.342877852653952
whole corpus,0.28215098,0.39832490417876476
whole corpus,0.120209254,0.0
whole corpus,0.39638636,0.7419945745045827
whole corpus,0.26164114,0.33662238993911436
whole corpus,0.39020377,0.723394681906314
whole corpus,0.24805562,0.2957512300116247
whole corpus,0.3011685,0.4555378664622337
whole corpus,0.5707208,1.0
whole corpus,0.33141786,0.5465410864071987
whole corpus,0.46048158,0.9348208937834176
whole corpus,0.22696419,0.23229903317372205
whole corpus,0.42049557,0.8145255753342362
whole corpus,0.35208228,0.6087086584811885
whole corpus,0.41049665,0.7844444833960142
whole corpus,0.34100455,0.5753820241205155
whole corpus,0.28620014,0.41050651450808745
whole corpus,0.19567278,0.13816086437458397
whole corpus,0.2693564,0.35983323189238775
whole corpus,0.33845162,0.5677017109905396
whole corpus,0.2023278,0.15818206588337252
whole corpus,0.49875307,1.0
whole corpus,0.23262629,0.2493330876096964
whole corpus,0.40253836,0.760502477641114
whole corpus,0.4200741,0.8132576270224513
whole corpus,0.4459163,0.8910021709423311
whole corpus,0.31285182,0.49068635838870145
whole corpus,0.28534055,0.4079204988697893
whole corpus,0.29969758,0.4511126891975995
whole corpus,0.42884967,0.8396583335660714
whole corpus,0.24039203,0.2726958107990159
whole corpus,0.17087008,0.06354355869122666
whole corpus,0.31725258,0.5039257578696603
whole corpus,0.1818619,0.09661175287309046
whole corpus,0.28578037,0.4092436767219546
whole corpus,0.19729495,0.14304105773894296
whole corpus,0.2645799,0.34546342000052627
whole corpus,0.23045787,0.24280954644398642
whole corpus,0.34150106,0.5768757321444398
whole corpus,0.30368775,0.46311686566261573
whole corpus,0.19077064,0.12341309773033038
whole corpus,0.22461791,0.2252404110064046
whole corpus,0.26534507,0.34776539800258244
whole corpus,0.19497013,0.13604698957986233
whole corpus,0.3212411,0.5159250031257141
whole corpus,0.26504233,0.3468546485363746
whole corpus,0.32175988,0.517485685933184
whole corpus,0.15286317,0.009370955708194902
whole corpus,0.4684943,0.958926615675874
whole corpus,0.36443192,0.6458617316800992
whole corpus,0.18366858,0.10204702104994136
whole corpus,0.31804338,0.5063048420482216
whole corpus,0.2871158,0.4132612671512491
whole corpus,0.3666109,0.6524171015582038
whole corpus,0.21369311,0.1923738584419361
whole corpus,0.23798732,0.26546141344677027
whole corpus,0.23983699,0.27102601378595675
whole corpus,0.23644127,0.2608102074949624
whole corpus,0.3689648,0.6594985866034384
whole corpus,0.29987198,0.4516373698312132
whole corpus,0.35833585,0.6275221172567075
whole corpus,0.3692645,0.6604002805768241
whole corpus,0.15982687,0.030320793522973583
whole corpus,0.35899216,0.6294965733253065
whole corpus,0.34757984,0.5951633447278629
whole corpus,0.35840172,0.6277202621986566
whole corpus,0.5170964,1.0
whole corpus,0.32354826,0.522865903886344
whole corpus,0.13670278,0.0
whole corpus,0.33078343,0.5446324395636634
whole corpus,0.2554847,0.3181011277092118
whole corpus,0.25269413,0.30970587893801305
whole corpus,0.45964947,0.9323175431390005
whole corpus,0.35326576,0.6122690810104836
whole corpus,0.24188866,0.2771983183860171
whole corpus,0.3407153,0.5745118002261452
whole corpus,0.30469108,0.46613530349775584
whole corpus,0.3190149,0.5092276144294885
whole corpus,0.25702906,0.3227472231353676
whole corpus,0.5458286,1.0
whole corpus,0.40490586,0.7676249365499102
whole corpus,0.31254682,0.48976879488829084
whole corpus,0.5199692,1.0
whole corpus,0.2410866,0.2747853881823039
whole corpus,0.35746327,0.6248970105800882
whole corpus,0.26980203,0.3611738931217839
whole corpus,0.32981426,0.5417167501916335
whole corpus,0.40088898,0.755540426207977
whole corpus,0.26254347,0.33933697564381754
whole corpus,0.34614035,0.5908327570169647
whole corpus,0.32373178,0.5234180199734585
whole corpus,0.21702036,0.2023836746858136
whole corpus,0.3080672,0.47629215942706166
whole corpus,0.21590461,0.199027000745016
whole corpus,0.20481873,0.16567584482704747
whole corpus,0.29898924,0.4489816896590262
whole corpus,0.2639049,0.3434327481497544
whole corpus,0.24952209,0.3001630033537152
whole corpus,0.2569278,0.3224425640798277
whole corpus,0.32444936,0.5255768135989115
whole corpus,0.33448422,0.5557660335009302
whole corpus,0.070561394,0.0
whole corpus,0.25239506,0.3088061574482123
whole corpus,0.27577522,0.379143846189675
whole corpus,0.21221828,0.18793693593413663
whole corpus,0.33964524,0.5712926173570576
whole corpus,0.3804906,0.694173234177779
whole corpus,0.3373827,0.5644859351385533
whole corpus,0.2658998,0.3494342984321938
whole corpus,0.25991195,0.3314202334586742
whole corpus,0.2539923,0.31361130677799604
whole corpus,0.2807427,0.3940881887548442
whole corpus,0.34523076,0.5880962946761368
whole corpus,0.45340517,0.9135319681087061
whole corpus,0.2966314,0.44188828005393666
whole corpus,0.5295306,1.0
whole corpus,0.3026883,0.4601100834122962
whole corpus,0.39340323,0.7330200431678032
whole corpus,0.2986948,0.4480958652126653
whole corpus,0.27518666,0.3773731835387458
whole corpus,0.33217728,0.5488257603487136
whole corpus,0.3151624,0.49763756985898044
whole corpus,0.28384066,0.4034081736940354
whole corpus,0.27540883,0.37804158649903125
whole corpus,0.23022076,0.24209622465296954
whole corpus,0.18447965,0.10448707290294847
whole corpus,0.30690682,0.47280122211496595
whole corpus,0.28466123,0.40587682655902524
whole corpus,0.22577184,0.2287119372868569
whole corpus,0.42047065,0.8144506209580057
whole corpus,0.16107465,0.0340746539311172
whole corpus,0.3613817,0.6366853794092349
whole corpus,0.4467405,0.8934817621253833
whole corpus,0.32360205,0.52302773719866
whole corpus,0.3289461,0.5391050026083853
whole corpus,0.33611554,0.5606737519771346
whole corpus,0.47844097,0.9888505365357082
whole corpus,0.23998824,0.27148102988568157
whole corpus,0.32466322,0.5262202018810052
whole corpus,0.24574421,0.28879750810769206
whole corpus,0.22528173,0.22723746097788652
whole corpus,0.23061636,0.24328634952149117
whole corpus,0.42121774,0.8166981763447844
whole corpus,0.38380334,0.7041393868077518
whole corpus,0.25364345,0.3125618558524238
whole corpus,0.4200976,0.8133282777981327
whole corpus,0.29380214,0.43337665475122206
whole corpus,0.33600354,0.5603368159174763
whole corpus,0.17630295,0.0798880059683767
whole corpus,0.17496604,0.07586597745101595
whole corpus,0.20358773,0.16197246206701127
whole corpus,0.28597412,0.40982654562132625
whole corpus,0.25585878,0.3192265192528071
whole corpus,0.2303164,0.24238393828134727
whole corpus,0.20974201,0.18048722406691775
whole corpus,0.34244174,0.5797057081388662
whole corpus,0.31092203,0.4848807115895918
whole corpus,0.2722133,0.36842806013905205
whole corpus,0.34492248,0.5871688687578012
whole corpus,0.3666109,0.6524171015582038
whole corpus,0.27887195,0.38846015513673054
whole corpus,0.21307334,0.19050932350402922
whole corpus,0.5514195,1.0
whole corpus,0.22001529,0.21139371072712335
whole corpus,0.32535982,0.5283158760317378
whole corpus,0.33400932,0.5543373277769666
whole corpus,0.5262728,1.0
whole corpus,0.17278947,0.06931791472801042
whole corpus,0.21733102,0.2033182732717312
whole corpus,0.209081,0.17849860197984455
whole corpus,0.17939481,0.08918965577606179
whole corpus,0.26103282,0.33479228380560044
whole corpus,0.30652496,0.47165242974338484
whole corpus,0.25306132,0.3108105594039657
whole corpus,0.29036266,0.4230291851809281
whole corpus,0.27747726,0.3842643239180266
whole corpus,0.29172227,0.4271194885278337
whole corpus,0.28141308,0.3961049635621762
whole corpus,0.4398659,0.8727999131031322
whole corpus,0.21858218,0.20708230990200657
whole corpus,0.18954176,0.11971608071277308
whole corpus,0.42772081,0.836262254782746
whole corpus,0.16779487,0.05429198306909749
whole corpus,0.2621867,0.3382636755985356
whole corpus,0.23471382,0.2556132960276915
whole corpus,0.38739967,0.714958728246588
whole corpus,0.2802895,0.3927247543058756
whole corpus,0.32930174,0.540174895636566
whole corpus,0.28464746,0.40583540440373994
whole corpus,0.40127152,0.7566912807214878
whole corpus,0.29966784,0.4510232101695157
whole corpus,0.33699614,0.563322976748498
whole corpus,0.38466334,0.7067266576628768
whole corpus,0.3603225,0.6334988321776447
whole corpus,0.11917841,0.0
whole corpus,0.34627187,0.5912284192924495
whole corpus,0.25950664,0.33020087996975644
whole corpus,0.05871337,0.0
whole corpus,0.24019322,0.2720976999810328
whole corpus,0.21564737,0.19825311474210472
whole corpus,0.11948697,0.0
whole corpus,0.30864403,0.47802749669015016
whole corpus,0.24461806,0.28540954340456853
whole corpus,0.21265352,0.18924630640120685
whole corpus,0.47414634,0.9759304104204873
whole corpus,0.3490517,0.5995913910595299
whole corpus,0.24361858,0.2824026714959042
whole corpus,0.3952534,0.7385861228696785
whole corpus,0.32934916,0.5403175420631003
whole corpus,0.2687589,0.3580356717380266
whole corpus,0.35286573,0.6110655970485908
whole corpus,0.30861276,0.4779334450864829
whole corpus,0.27324033,0.3715177763582869
whole corpus,0.30836022,0.4771736802728734
whole corpus,0.39199066,0.7287704169422353
whole corpus,0.24781664,0.29503225974488706
whole corpus,0.3862006,0.7113514144029766
whole corpus,0.14475343,0.0
whole corpus,0.21696821,0.20222677258246025
whole corpus,0.28621686,0.41055681283950535
whole corpus,0.32834524,0.5372973110610648
whole corpus,0.22049794,0.21284572762072798
whole corpus,0.63009775,1.0
whole corpus,0.34303176,0.5814807640486893
whole corpus,0.34462082,0.5862613469920052
whole corpus,0.28339696,0.4020733402570496
whole corpus,0.22136278,0.21544756795687864
whole corpus,0.19075637,0.12337015138318394
whole corpus,0.30595917,0.4699502660678625
whole corpus,0.1735032,0.07146514242698773
whole corpus,0.20183104,0.15668759576351768
whole corpus,0.33514562,0.5577558211464855
whole corpus,0.38059703,0.6944934041269647
whole corpus,0.26537168,0.34784546290446505
whole corpus,0.48129904,0.9974488614578186
whole corpus,0.4739961,0.9754784427044848
whole corpus,0.28694814,0.41275684930355416
whole corpus,0.3651512,0.6480256358312043
whole corpus,0.26644436,0.35107253570789276
whole corpus,0.27023953,0.36249007762305685
whole corpus,0.39993468,0.752669476349989
whole corpus,0.3666109,0.6524171015582038
whole corpus,0.5908588,1.0
whole corpus,0.0124175735,0.0
whole corpus,0.3485127,0.5979698302359588
whole corpus,0.4067213,0.7730865642801245
whole corpus,0.43081003,0.8455559698269186
whole corpus,0.31528455,0.49800507941420646
whole corpus,0.34644076,0.5917365131322802
whole corpus,0.34609002,0.5906813240726424
whole corpus,0.25204146,0.3077423611874764
whole corpus,0.29669183,0.4420701071771371
whole corpus,0.29888198,0.44865900927618685
whole corpus,0.37481624,0.6771022853329304
whole corpus,0.087692305,0.0
whole corpus,0.45379567,0.9147067614002715
whole corpus,0.4337039,0.8542619744211019
whole corpus,0.39107805,0.7260248991085854
whole corpus,0.3084821,0.47754038290299644
whole corpus,0.2986029,0.447819448535729
whole corpus,0.35350832,0.612998810278594
whole corpus,0.4936347,1.0
whole corpus,0.17345525,0.07132088215024739
whole corpus,0.16140151,0.03505798182741907
whole corpus,0.43902493,0.8702699339303175
whole corpus,0.19207507,0.12733739865188817
whole corpus,0.28010136,0.3921587411753214
whole corpus,0.2344684,0.2548749595584829
whole corpus,0.29697207,0.442913164593041
whole corpus,0.20298539,0.1601603772607968
whole corpus,0.40237594,0.7600138396620992
whole corpus,0.32477462,0.526555344773768
whole corpus,0.36208057,0.6387878675941703
whole corpus,0.3689677,0.6595073731212262
whole corpus,0.2857132,0.4090415868128355
whole corpus,0.3439939,0.5843752940513526
whole corpus,0.37968767,0.691757659052895
whole corpus,0.4114995,0.7874614866976379
whole corpus,0.20180312,0.15660358589446505
whole corpus,0.4124994,0.7904696138231291
whole corpus,0.11689042,0.0
whole corpus,0.33301705,0.5513521531877374
whole corpus,0.2987434,0.4482420979729907
whole corpus,0.10722485,0.0
whole corpus,0.38152233,0.6972771164154881
whole corpus,0.42555195,0.8297373687418643
whole corpus,0.22749725,0.23390270715751083
whole corpus,0.39574704,0.7400712236925046
whole corpus,0.24691726,0.2923265502163164
whole corpus,0.54777414,1.0
whole corpus,0.19027466,0.12192095872743966
whole corpus,0.21120262,0.18488137954426034
whole corpus,0.24747282,0.2939979162504091
whole corpus,0.1174501,0.0
whole corpus,0.17007926,0.06116442968349304
whole corpus,0.24429604,0.2844407849892923
whole corpus,0.22019821,0.21194403364734227
whole corpus,0.39450568,0.7363366846576596
whole corpus,0.102601774,0.0
whole corpus,0.25130367,0.30552277920426696
whole corpus,0.3590996,0.6298197916582144
whole corpus,0.33498216,0.5572640451254035
whole corpus,0.30949104,0.48057567650695393
whole corpus,0.3282131,0.5368997659603397
whole corpus,0.2574755,0.32409030514007253
whole corpus,0.31156373,0.4868112350692519
whole corpus,0.31618756,0.5007217272608394
whole corpus,0.20346043,0.16158948644731186
whole corpus,0.47537103,0.9796148304406039
whole corpus,0.24430785,0.2844762896938226
whole corpus,0.22964433,0.2403620529483631
whole corpus,0.41977715,0.8123642712751294
whole corpus,0.19993031,0.15096936585056203
whole corpus,0.2895303,0.4205251172697528
whole corpus,0.2845869,0.4056532186471605
whole corpus,0.23724541,0.26322941378280973
whole corpus,0.21402597,0.19337525249470983
whole corpus,0.3129738,0.49105332999385887
whole corpus,0.3981913,0.7474246424974368
whole corpus,0.16898516,0.05787289253017328
whole corpus,0.34478578,0.5867576059303257
whole corpus,0.40409553,0.7651871261555223
whole corpus,0.2575009,0.32416669404981946
whole corpus,0.26182282,0.3371689472088528
whole corpus,0.17026268,0.06171623196640071
whole corpus,0.25429636,0.31452609086971867
whole corpus,0.34929383,0.6003197754524687
whole corpus,0.56415725,1.0
whole corpus,0.31912154,0.5095484119870876
whole corpus,0.23747009,0.26390534804405613
whole corpus,0.38287944,0.7013598884614328
whole corpus,0.4549547,0.9181936640868524
whole corpus,0.14246741,0.0
whole corpus,0.3877644,0.7160559670699245
whole corpus,0.26110727,0.3350162503508443
whole corpus,0.27976406,0.39114398802917644
whole corpus,0.4101423,0.7833784456766589
whole corpus,0.24010307,0.27182648348809335
whole corpus,0.44118077,0.876755639274533
whole corpus,0.23098254,0.2443879816037215
whole corpus,0.27312022,0.37115645322885027
whole corpus,0.34635985,0.5914930907262205
whole corpus,0.16550103,0.04739111475940878
whole corpus,0.2374683,0.2638999685433697
whole corpus,0.2737542,0.3730637551972141
whole corpus,0.37237287,0.6697515562783413
whole corpus,0.24403362,0.28365129843439046
whole corpus,0.33887047,0.5689617693679845
whole corpus,0.29977474,0.45134481465221776
whole corpus,0.29864323,0.44794075627620744
whole corpus,0.35237557,0.6095909862521032
whole corpus,0.36661088,0.652417011899859
whole corpus,0.37541342,0.678898859245499
whole corpus,0.24476615,0.2858550557197474
whole corpus,0.34885347,0.5989949837500974
whole corpus,0.16899967,0.05791655614407791
whole corpus,0.282769,0.40018414927433
whole corpus,0.37165862,0.6676028043875029
whole corpus,0.27740717,0.3840534474911197
whole corpus,0.554561,1.0
whole corpus,0.22860354,0.2372309145738429
whole corpus,0.40615535,0.7713839523128783
whole corpus,0.3907707,0.7251002525989376
whole corpus,0.16671667,0.05104827864271432
whole corpus,0.28281072,0.4003096709570127
whole corpus,0.2820764,0.39810048934179704
whole corpus,0.41037434,0.7840765255490644
whole corpus,0.17962119,0.08987070056296026
whole corpus,0.33056042,0.5439615261697243
whole corpus,0.28591928,0.4096615742669433
whole corpus,0.31585398,0.4997181814077911
whole corpus,0.1742883,0.07382705703252486
whole corpus,0.37431517,0.6755948595822557
whole corpus,0.32255825,0.5198875433313177
whole corpus,0.24686018,0.29215480965690305
whole corpus,0.2678578,0.3553247620254591
whole corpus,0.2283539,0.23647989144884882
whole corpus,0.28471458,0.4060373149961696
whole corpus,0.1667214,0.05106253431953329
whole corpus,0.2696154,0.36061245256681307
whole corpus,0.09049779,0.0
whole corpus,0.16183913,0.03637452496207116
whole corpus,0.21059787,0.18306203241211924
whole corpus,0.2644182,0.3449770234801308
whole corpus,0.2411273,0.27490781665209196
whole corpus,0.33744606,0.5646765487795414
whole corpus,0.33603728,0.5604383091637598
whole corpus,0.3859328,0.710545744516843
whole corpus,0.286601,0.411712508903634
whole corpus,0.35675013,0.6227515760480064
whole corpus,0.26752707,0.3543298233735091
whole corpus,0.24323359,0.2812444649981219
whole corpus,0.29015243,0.42239673521689675
whole corpus,0.2259238,0.2291691051868563
whole corpus,0.20638426,0.1703856425071647
whole corpus,0.27855986,0.38752125295026385
whole corpus,0.25273368,0.3098248555615273
whole corpus,0.38247538,0.7001443006229955
whole corpus,0.35746557,0.6249039142726357
whole corpus,0.16767432,0.05392931506448923
whole corpus,0.07657261,0.0
whole corpus,0.21337275,0.19141007606479482
whole corpus,0.3760334,0.6807640217918194
whole corpus,0.21977168,0.21066084341694585
whole corpus,0.5006762,1.0
whole corpus,0.2780497,0.3859864814044334
whole corpus,0.23797122,0.26541295311142027
whole corpus,0.47375852,0.9747636863799516
whole corpus,0.2849418,0.4067208702167217
whole corpus,0.31607735,0.5003901707018675
whole corpus,0.43748906,0.8656493911324221
whole corpus,0.35911953,0.6298797730908678
whole corpus,0.31544226,0.4984795513747471
whole corpus,0.3099829,0.4820553978290935
whole corpus,0.40057826,0.7546056483053699
whole corpus,0.22555918,0.22807213533855417
whole corpus,0.33046955,0.5436881578765103
whole corpus,0.39135957,0.7268718118333145
whole corpus,0.3356428,0.5592515913123395
whole corpus,0.23026285,0.24222282223578953
whole corpus,0.22110412,0.21466937835341823
whole corpus,0.29448485,0.4354305481132903
whole corpus,0.3175247,0.5047444282157859
whole corpus,0.30239877,0.45923905259282294
whole corpus,0.42925695,0.8408836045057443
whole corpus,0.33017617,0.5428055611305612
whole corpus,0.6320888,1.0
whole corpus,0.38828874,0.7176334159878671
whole corpus,0.27206838,0.36799205160841914
whole corpus,0.20740747,0.17346392728744103
whole corpus,0.2559654,0.31954731681040616
whole corpus,0.40397343,0.7648197959169859
whole corpus,0.28606844,0.41011031428253397
whole corpus,0.34413046,0.5847861085871042
whole corpus,0.36344004,0.6428777226493521
whole corpus,0.45445117,0.9166787966935617
whole corpus,0.22525167,0.2271470405371826
whole corpus,0.31850004,0.5076786768651839
whole corpus,0.5172162,1.0
whole corpus,0.5930573,1.0
whole corpus,0.33805773,0.56651669664767
whole corpus,0.18302645,0.10011519752428205
whole corpus,0.39896658,0.7497570146783711
whole corpus,0.20617427,0.16975390980989158
whole corpus,0.25646043,0.32103654191709174
whole corpus,0.23800829,0.2655244880923183
whole corpus,0.26715636,0.3532145632228732
whole corpus,0.21996295,0.21123627067370132
whole corpus,0.45803654,0.9274651438615212
whole corpus,0.21874526,0.20757292036460642
whole corpus,0.30508628,0.46732426280779543
whole corpus,0.2665672,0.35144210740504855
whole corpus,0.37588757,0.6803253235108433
whole corpus,0.29141894,0.42620694589473046
whole corpus,0.2153176,0.19726104515718745
whole corpus,0.27614862,0.3802671755913405
whole corpus,0.24290667,0.28026095778513044
whole corpus,0.21120796,0.1848974283879748
whole corpus,0.28394783,0.40373058510184046
whole corpus,0.2965582,0.4416680791591733
whole corpus,0.47770104,0.9866244991516752
whole corpus,0.35576218,0.6197794019187692
whole corpus,0.2504155,0.30285078121333114
whole corpus,0.24008071,0.2717592397295133
whole corpus,0.3362373,0.5610400959738786
whole corpus,0.17649847,0.08047620953926235
whole corpus,0.31758288,0.5049194413047835
whole corpus,0.36899382,0.6595859138312476
whole corpus,0.271452,0.3661377377218164
whole corpus,0.2705446,0.363407820440157
whole corpus,0.21188815,0.18694374561990967
whole corpus,0.32643837,0.5315606115290858
whole corpus,0.33571774,0.5594769923910997
whole corpus,0.5163797,1.0
whole corpus,0.3457231,0.5895774505317928
whole corpus,0.29767293,0.4450216598870762
whole corpus,0.39150143,0.7272985855544358
whole corpus,0.44398502,0.8851920412259828
whole corpus,0.27354485,0.37243390532518117
whole corpus,0.49757525,1.0
whole corpus,0.2546656,0.31563695776146067
whole corpus,0.2007167,0.15333518059409681
whole corpus,0.3251249,0.5276090992998894
whole corpus,0.392585,0.7305584733120505
whole corpus,0.3159491,0.5000043708443077
whole corpus,0.30639628,0.47126528501065346
whole corpus,0.21856421,0.20702824592010824
whole corpus,0.45773196,0.9265488355779374
whole corpus,0.29670858,0.44212049516689966
whole corpus,0.41986743,0.812635846401448
whole corpus,0.27401066,0.37383526525398886
whole corpus,0.20504028,0.16634236496209268
whole corpus,0.25580478,0.31906405833207774
whole corpus,0.29146394,0.4263423299953382
whole corpus,0.24509382,0.28684084922053055
whole corpus,0.5428872,1.0
whole corpus,0.47250587,0.9709951668324375
whole corpus,0.28461817,0.40574727025082774
whole corpus,0.22726186,0.23319454072131843
whole corpus,0.48464745,1.0
whole corpus,0.303433,0.462350466131493
whole corpus,0.32647258,0.5316635393088857
whole corpus,0.24894747,0.29843430080814
whole corpus,0.46397966,0.9453446316595361
whole corpus,0.24353385,0.28214777282171355
whole corpus,0.36828002,0.6574385068155808
whole corpus,0.3872447,0.7144925048537666
whole corpus,0.5848527,1.0
whole corpus,0.2672097,0.35337505166001754
whole corpus,0.3515734,0.6071777422441833
whole corpus,0.20196208,0.15708182350548616
whole corpus,0.27012134,0.3621344926276857
whole corpus,0.29931414,0.4499591449337454
whole corpus,0.36157078,0.6372541719484771
whole corpus,0.35544047,0.6188115400869408
whole corpus,0.20225272,0.15795617168371603
whole corpus,0.27655643,0.3814940603812192
whole corpus,0.22983444,0.2409339835296724
whole corpus,0.38507366,0.7079610737537165
whole corpus,0.27149767,0.36627509430600924
whole corpus,0.40549517,0.7693978406594586
whole corpus,0.35953254,0.6311222584327372
whole corpus,0.36086392,0.6351276553271424
whole corpus,0.3206512,0.51415030584927
whole corpus,0.44823053,0.8979644103890172
whole corpus,0.31467476,0.49617058002179865
whole corpus,0.24980274,0.301007315986446
whole corpus,0.3123039,0.48903798972004314
whole corpus,0.26675236,0.35199915470112547
whole corpus,0.49848598,1.0
whole corpus,0.18851183,0.11661762280492276
whole corpus,0.21407607,0.19352596817227385
whole corpus,0.29176295,0.4272418721684494
whole corpus,0.25060523,0.30342154623615836
whole corpus,0.41533813,0.7990097504794816
whole corpus,0.3222709,0.5190230575710129
whole corpus,0.4425288,0.8808111551836667
whole corpus,0.4582005,0.9279584440744643
whole corpus,0.36573303,0.6497760356962148
whole corpus,0.36494988,0.6474199937122603
whole corpus,0.39468572,0.7368783107184355
whole corpus,0.35041073,0.6036799012395401
whole corpus,0.26942813,0.36004903952825723
whole corpus,0.2567982,0.3220527295967531
whole corpus,0.17844641,0.086336458270339
whole corpus,0.22891712,0.23817429967754825
whole corpus,0.47864804,0.9894734827151936
whole corpus,0.31648016,0.5016019928898243
whole corpus,0.40828183,0.7777813441874921
whole corpus,0.34915566,0.5999041193660993
whole corpus,0.3636871,0.6436209903275233
whole corpus,0.2758788,0.3794554089377625
whole corpus,0.38803625,0.7168738304909471
whole corpus,0.31201258,0.4881615793998835
whole corpus,0.43062764,0.8450072607569056
whole corpus,0.16523147,0.0465801550309337
whole corpus,0.25547108,0.3180601538456504
whole corpus,0.36210233,0.6388533181858549
whole corpus,0.23190981,0.24717761134299998
whole corpus,0.32435313,0.5252873068036383
whole corpus,0.37455952,0.6763299683510526
whole corpus,0.35064772,0.6043928643971779
whole corpus,0.36200368,0.638556549064655
whole corpus,0.33587736,0.5599572024857059
whole corpus,0.3372297,0.5640256291964868
whole corpus,0.3550009,0.6174891691598784
whole corpus,0.40640643,0.7721393238675938
whole corpus,0.2906123,0.42378025313509454
whole corpus,0.27843815,0.38715508827020945
whole corpus,0.3105707,0.4838237293630586
whole corpus,0.30332467,0.46202455804824183
whole corpus,0.5530176,1.0
whole corpus,0.09805475,0.0
whole corpus,0.3405099,0.5738938749139673
whole corpus,0.13934019,0.0
whole corpus,0.31398022,0.4940810922968554
whole corpus,0.1881975,0.1156719514134257
whole corpus,0.34715486,0.5938848167313948
whole corpus,0.16025236,0.03160084571130291
whole corpus,0.2073237,0.17321189768028308
whole corpus,0.5264287,1.0
whole corpus,0.20351323,0.16174836103425025
whole corpus,0.52937704,1.0
whole corpus,0.28210843,0.3981968720624284
whole corpus,0.25689626,0.32234770555105746
whole corpus,0.46466857,0.9474171739573172
whole corpus,0.22391787,0.22313438131685065
whole corpus,0.31590796,0.49988055267017567
whole corpus,0.28645226,0.41126502410487015
whole corpus,0.29523292,0.43768106222544656
whole corpus,0.3453022,0.5883112057285586
whole corpus,0.24467435,0.2855789080178454
whole corpus,0.36624056,0.6513029173077052
whole corpus,0.34418944,0.5849635424514107
whole corpus,0.27507138,0.3770263850611625
whole corpus,0.38534293,0.7087711368987438
whole corpus,0.3030241,0.46112035364120246
whole corpus,0.28655547,0.4115755109528203
whole corpus,0.30753818,0.47470063414898966
whole corpus,0.20832936,0.1762373736954879
whole corpus,0.4034225,0.7631623717555055
whole corpus,0.39432356,0.7357887825127495
whole corpus,0.3631236,0.6419257303445485
whole corpus,0.32782263,0.5357250623271191
whole corpus,0.26135224,0.3357532419448814
whole corpus,0.3019116,0.45777340763081276
whole corpus,0.28316414,0.40137292926768003
whole corpus,0.34692758,0.5932010821941531
whole corpus,0.25077805,0.3039414749774991
whole corpus,0.2899988,0.42193454644959005
whole corpus,0.42389995,0.8247674273743872
whole corpus,0.3321054,0.5486095044211202
whole corpus,0.39079142,0.7251625651485551
whole corpus,0.3666801,0.6526251985764228
whole corpus,0.08951371,0.0
whole corpus,0.27247652,0.3692199226400904
whole corpus,0.4418916,0.8788941701140673
whole corpus,0.2682591,0.35653210129617724
whole corpus,0.33517557,0.5578459277829827
whole corpus,0.25963378,0.3305833624685596
whole corpus,0.4186743,0.8090463745684464
whole corpus,0.3002696,0.45283359146717944
whole corpus,0.36118248,0.6360860133744249
whole corpus,0.33124065,0.5460079778891763
whole corpus,0.14154153,0.0
whole corpus,0.27409536,0.37409007426983476
whole corpus,0.3024937,0.4595246144209261
whole corpus,0.32375246,0.5234802428647312
whole corpus,0.30362827,0.4629379076064481
whole corpus,0.24789059,0.29525474692744214
whole corpus,0.29343837,0.4322822849949184
whole corpus,0.22749218,0.23388746523889936
whole corpus,0.29495683,0.4368504673194661
whole corpus,0.34754896,0.5950704586826777
whole corpus,0.3881996,0.71736524787865
whole corpus,0.32477462,0.526555344773768
whole corpus,0.37590152,0.6803672836161971
whole corpus,0.15114737,0.004209055824557986
whole corpus,0.26652956,0.3513288689155998
whole corpus,0.4866882,1.0
whole corpus,0.37099302,0.6656003749153345
whole corpus,0.2919427,0.4277826016457775
whole corpus,0.34328216,0.5822340734614752
whole corpus,0.2831241,0.40125242845230463
whole corpus,0.42355102,0.8237177074737807
whole corpus,0.47010303,0.9637663731267402
whole corpus,0.2536856,0.3126886327519333
whole corpus,0.38152322,0.6972798061658313
whole corpus,0.48627746,1.0
whole corpus,0.109759495,0.0
whole corpus,0.2756009,0.3786194345310956
whole corpus,0.52209026,1.0
whole corpus,0.15209273,0.007053108179113882
whole corpus,0.2467761,0.2919018834662974
whole corpus,0.33517727,0.5578510383086348
whole corpus,0.4087345,0.7791431647862548
whole corpus,0.22844467,0.2367529459378561
whole corpus,0.43902493,0.8702699339303175
whole corpus,0.18499932,0.10605044546076163
whole corpus,0.33356068,0.5529876110547484
whole corpus,0.19356902,0.13183183698785977
whole corpus,0.31216562,0.48862197500029475
whole corpus,0.3229199,0.5209755473451424
whole corpus,0.25437617,0.31476619591702176
whole corpus,0.42534024,0.8291004358605943
whole corpus,0.21465185,0.19525816739329524
whole corpus,0.3180486,0.5063205322585569
whole corpus,0.3067147,0.47222328442455686
whole corpus,0.27912033,0.38920736778207177
whole corpus,0.2627083,0.339832875948759
whole corpus,0.23159467,0.246229519176194
whole corpus,0.64876723,1.0
whole corpus,0.13888454,0.0
whole corpus,0.2912942,0.42583163606350916
whole corpus,0.35670647,0.6226202265729133
whole corpus,0.4471106,0.894595139450779
whole corpus,0.24634388,0.2906015684920493
whole corpus,0.34138817,0.5765361063344383
whole corpus,0.29463992,0.43589704048114614
whole corpus,0.32415253,0.5246838164849688
whole corpus,0.41581726,0.800451187688403
whole corpus,0.23693883,0.2623070983901261
whole corpus,0.25864428,0.32760652610539437
whole corpus,0.36902815,0.6596892002444266
whole corpus,0.2894208,0.4201957125110554
whole corpus,0.40324658,0.7626331185463083
whole corpus,0.24021062,0.27215006045438045
whole corpus,0.2784439,0.38717239233075074
whole corpus,0.15696661,0.021715878712522306
whole corpus,0.2691421,0.3591884987351225
whole corpus,0.17093693,0.06374466235855332
whole corpus,0.32973486,0.5414779003611573
whole corpus,0.3483315,0.5974247074997368
whole corpus,0.40306348,0.7620822576760208
whole corpus,0.40702122,0.7739888858619236
whole corpus,0.38778603,0.71612105902823
whole corpus,0.20667875,0.17127160144104273
whole corpus,0.24176492,0.2768260569385181
whole corpus,0.35727268,0.6243236454652625
whole corpus,0.093257986,0.0
whole corpus,0.25321412,0.3112702377376187
whole corpus,0.3790204,0.6897502087134193
whole corpus,0.30127084,0.45584575321818543
whole corpus,0.19729418,0.14303872662197886
whole corpus,0.24835181,0.2966422994711547
whole corpus,0.31599158,0.5001321339856097
whole corpus,0.25708085,0.32290304933858366
whole corpus,0.34563994,0.5893273037498751
whole corpus,0.18981998,0.12055308619040482
whole corpus,0.37139308,0.6668039485355721
whole corpus,0.20747857,0.1736778072688979
whole corpus,0.1994214,0.14943835995521207
whole corpus,0.43902493,0.8702699339303175
whole corpus,0.052858725,0.0
whole corpus,0.3042279,0.4647418335032882
whole corpus,0.260438,0.33300279290226886
whole corpus,0.19485724,0.13570736376986084
whole corpus,0.31560975,0.4989834312723734
whole corpus,0.3709879,0.6655849536800335
whole corpus,0.39211482,0.7291439336065612
whole corpus,0.34019414,0.5729439447510934
whole corpus,0.36563182,0.6494715559573644
whole corpus,0.36874467,0.6588363700689424
whole corpus,0.35103476,0.6055572573207495
whole corpus,0.22976206,0.24071624823939028
whole corpus,0.21781147,0.20476365544782257
whole corpus,0.36769065,0.6556654233893427
whole corpus,0.15826711,0.025628344732570002
whole corpus,0.3962545,0.7415979259873053
whole corpus,0.3817496,0.6979608509527297
whole corpus,0.31126967,0.4859265761813731
whole corpus,0.134265,0.0
whole corpus,0.31396028,0.494021110864202
whole corpus,0.4067486,0.7731686913239368
whole corpus,0.23958626,0.27027171813137846
whole corpus,0.21102834,0.18435705754402573
whole corpus,0.24897522,0.298517772727124
whole corpus,0.30449644,0.46554974484804096
whole corpus,0.2918996,0.4276529556792353
whole corpus,0.5158726,1.0
whole corpus,0.3532561,0.6122400317067771
whole corpus,0.51402754,1.0
whole corpus,0.33487844,0.5569520340855922
whole corpus,0.32682472,0.5327229423107278
whole corpus,0.1857714,0.10837322419880518
whole corpus,0.33724296,0.564065527159911
whole corpus,0.13045666,0.0
whole corpus,0.262599,0.3395040091401303
whole corpus,0.2968484,0.44254108246223156
whole corpus,0.20131792,0.15514390321238228
whole corpus,0.35475188,0.6167399840309522
whole corpus,0.30871382,0.4782374765336094
whole corpus,0.21082884,0.18375688458411282
whole corpus,0.338376,0.5674741581115048
whole corpus,0.40372652,0.7640769765305385
whole corpus,0.28172845,0.397053728166568
whole corpus,0.30554137,0.46869334573248467
whole corpus,0.2710709,0.3649911868088546
whole corpus,0.20227478,0.1580225636880207
whole corpus,0.31528378,0.49800274829724234
whole corpus,0.30543607,0.4683765828004004
whole corpus,0.27970117,0.39095480892170464
whole corpus,0.052179575,0.0
whole corpus,0.2383137,0.26644330680955575
whole corpus,0.14139244,0.0
whole corpus,0.28804135,0.4160456967065307
whole corpus,0.050960895,0.0
whole corpus,0.27272564,0.36996937674405095
whole corpus,0.27863467,0.38774629539564504
whole corpus,0.3512074,0.6060766481120217
whole corpus,0.47918415,0.9910863466793216
whole corpus,0.3931874,0.7323707374349545
whole corpus,0.17307572,0.07017908312955859
whole corpus,0.22127277,0.2151767549264907
whole corpus,0.24588412,0.28921840920723063
whole corpus,0.24358107,0.2822898364690069
whole corpus,0.30104774,0.45517457084921203
whole corpus,0.39273015,0.7309951094510968
whole corpus,0.3274868,0.5347147920982128
whole corpus,0.1653996,0.04708596258297264
whole corpus,0.3061845,0.4706281728126939
whole corpus,0.2959508,0.43984075243434734
whole corpus,0.23207852,0.247685167232762
whole corpus,0.4650699,0.9486245132280353
whole corpus,0.32269114,0.5202873298906621
whole corpus,0.0851014,0.0
whole corpus,0.293811,0.43340328327961974
whole corpus,0.38651833,0.7123072620166053
whole corpus,0.095318735,0.0
whole corpus,0.20553084,0.16781818614623464
whole corpus,0.33703452,0.5634384566965661
whole corpus,0.2938644,0.43356395103345363
whole corpus,0.23438501,0.25462409550980697
whole corpus,0.24778914,0.2949495499218336
whole corpus,0.2825683,0.39958038998062617
whole corpus,0.3108109,0.4845463756219319
whole corpus,0.45285806,0.9118860202153567
whole corpus,0.5345109,1.0
whole corpus,0.33383808,0.5538221509278989
whole corpus,0.26768282,0.3547983778832947
whole corpus,0.34279317,0.5807629593404338
whole corpus,0.22042194,0.2126170988415559
whole corpus,0.40867108,0.778952371828577
whole corpus,0.3035916,0.46282762784237685
whole corpus,0.04626748,0.0
whole corpus,0.21154705,0.18591756103480614
whole corpus,0.1705054,0.06244645435540738
whole corpus,0.19814348,0.1455938101313302
whole corpus,0.12251895,0.0
whole corpus,0.44047976,0.874646695688774
whole corpus,0.30208904,0.4583072334155934
whole corpus,0.45709813,0.9246419819012975
whole corpus,0.3700449,0.6627479843347147
whole corpus,0.28532678,0.407879076714504
whole corpus,0.21851733,0.2068872133437797
whole corpus,0.30119842,0.45562788344038613
whole corpus,0.24056977,0.2732305331672442
whole corpus,0.37241155,0.6698679328098571
whole corpus,0.13948712,0.0
whole corpus,0.2751822,0.37735973478702983
whole corpus,0.15676573,0.021111536639577443
whole corpus,0.38619262,0.7113273859665773
whole corpus,0.198497,0.14665733741703185
whole corpus,0.38137966,0.696847921919058
whole corpus,0.29784968,0.44555342352992705
whole corpus,0.31729457,0.504052086477446
whole corpus,0.263666,0.34271404685805107
whole corpus,0.44617414,0.8917778949413103
whole corpus,0.3484842,0.5978840272000107
whole corpus,0.3202723,0.5130103896538215
whole corpus,0.2996958,0.4511073096969131
whole corpus,0.37239105,0.6698062478686531
whole corpus,0.5671631,1.0
whole corpus,0.14062062,0.0
whole corpus,0.13613427,0.0
whole corpus,0.4752801,0.9793412828307004
whole corpus,0.2591346,0.32908158519360575
whole corpus,0.2963336,0.44099241387296123
whole corpus,0.15735838,0.022894482483740573
whole corpus,0.14072873,0.0
whole corpus,0.14238815,0.0
whole corpus,0.20214474,0.15763133950060212
whole corpus,0.2753722,0.3779313963933048
whole corpus,0.32215238,0.5186664863338493
whole corpus,0.31125307,0.48587663648333435
whole corpus,0.2696172,0.3606178320674995
whole corpus,0.39080477,0.7252027320870136
whole corpus,0.4134794,0.7934178491743117
whole corpus,0.3502807,0.6032887218812939
whole corpus,0.109759495,0.0
whole corpus,0.20754936,0.17389079066690702
whole corpus,0.28690317,0.41262155486129115
whole corpus,0.2970805,0.4432393416513265
whole corpus,0.20720552,0.17285635751408432
whole corpus,0.38550392,0.7092554712772096
whole corpus,0.28079763,0.3942534290842615
whole corpus,0.58375627,1.0
whole corpus,0.27837503,0.38696519189597944
whole corpus,0.24383146,0.28304310105262037
whole corpus,0.24358745,0.2823090233547884
whole corpus,0.3431052,0.5817016822102109
whole corpus,0.4012766,0.7567065226400993
whole corpus,0.41828215,0.8078666500679185
whole corpus,0.29209846,0.42825124581390794
whole corpus,0.29540652,0.4382033220837514
whole corpus,0.15517735,0.016333015838191432
whole corpus,0.32533655,0.5282458528644698
whole corpus,0.30091384,0.4547717359061453
whole corpus,0.456606,0.923161453654055
whole corpus,0.3180849,0.5064297361224909
whole corpus,0.2738412,0.3733254679056075
whole corpus,0.26800054,0.35575422549692354
whole corpus,0.44263393,0.8811273801656824
whole corpus,0.32346487,0.5226150398376682
whole corpus,0.23962861,0.2703991226393014
whole corpus,0.274571,0.37552102145241767
whole corpus,0.13086562,0.0
whole corpus,0.1062714,0.0
whole corpus,0.29460657,0.43579671279334475
whole corpus,0.32521075,0.5278674049911815
whole corpus,0.17253275,0.06854559774613267
whole corpus,0.31074864,0.48435907933970035
whole corpus,0.35574222,0.6197193308277711
whole corpus,0.44066855,0.8752146813029132
whole corpus,0.37661898,0.6825257186082712
whole corpus,0.22111025,0.21468784797244153
whole corpus,0.30505145,0.46721945220275535
whole corpus,0.3063798,0.47121570394599377
whole corpus,0.4774124,0.9857561580825451
whole corpus,0.31398118,0.4940839613638881
whole corpus,0.24722905,0.29326455581933536
whole corpus,0.321836,0.5177146733457352
whole corpus,0.17870703,0.08712052049538208
whole corpus,0.45614752,0.9217821496780615
whole corpus,0.32155886,0.5168809403976876
whole corpus,0.31408694,0.4944021588294888
whole corpus,0.53801715,1.0
whole corpus,0.3582924,0.627391395390028
whole corpus,0.48442855,1.0
whole corpus,0.42521116,0.8287121255693809
whole corpus,0.21912587,0.20871794708570707
whole corpus,0.20877378,0.1775743589327483
whole corpus,0.23040672,0.24265564789518293
whole corpus,0.25580513,0.319065134232215
whole corpus,0.19781852,0.14461617553992143
whole corpus,0.28396392,0.4037790006080181
whole corpus,0.23098591,0.2443981129966809
whole corpus,0.29874423,0.4482446084066444
whole corpus,0.19070268,0.12320863187507472
whole corpus,0.336537,0.5619417002889195
whole corpus,0.21331125,0.191225066070355
whole corpus,0.38210654,0.6990346889480803
whole corpus,0.30667454,0.47210242497580235
whole corpus,0.32572323,0.5294091698879042
whole corpus,0.29757538,0.444728208124633
whole corpus,0.21972859,0.21053119745040358
whole corpus,0.3227944,0.5205979960553018
whole corpus,0.22073609,0.21356218745381195
whole corpus,0.29530418,0.4378954353277997
whole corpus,0.4764411,0.9828340133096917
whole corpus,0.29736942,0.4441085793039043
whole corpus,0.38739967,0.714958728246588
whole corpus,0.40742216,0.7751950595741596
whole corpus,0.2922739,0.4287790644895887
whole corpus,0.38739967,0.714958728246588
whole corpus,0.4366268,0.8630553062430943
whole corpus,0.38552737,0.7093260323945462
whole corpus,0.25039747,0.30279653791474326
whole corpus,0.34466183,0.5863847168744133
whole corpus,0.19150007,0.12560753054783086
whole corpus,0.29222998,0.42864690808939276
whole corpus,0.3841341,0.7051345047763914
whole corpus,0.21661806,0.20117337668971796
whole corpus,0.36876592,0.6589002964687657
whole corpus,0.24130331,0.27543733883632343
whole corpus,0.4417705,0.8785297986009084
whole corpus,0.15624104,0.019533056650669973
whole corpus,0.3363222,0.5612954429397932
whole corpus,0.38267803,0.7007539773674544
whole corpus,0.3537948,0.6138606959469004
whole corpus,0.1688601,0.05749664128633186
whole corpus,0.41711992,0.8043701539384468
whole corpus,0.37994537,0.6925329347601502
whole corpus,0.3501768,0.6029761728914139
whole corpus,0.3226152,0.5200588804281796
whole corpus,0.45898294,0.9303123342581442
whole corpus,0.38294557,0.7015588403284848
whole corpus,0.15729494,0.022703644696890464
whole corpus,0.33708376,0.5635865722821317
whole corpus,0.29409134,0.4342466993289028
whole corpus,0.48470223,1.0
whole corpus,0.33194762,0.54813485314389
whole corpus,0.21766433,0.2043210121996765
whole corpus,0.4315675,0.8478347263176784
whole corpus,0.2967404,0.44221625027911765
whole corpus,0.2428433,0.2800702993149699
whole corpus,0.41072333,0.7851264247663604
whole corpus,0.34147686,0.5768029295684838
whole corpus,0.24744186,0.2939047612301896
whole corpus,0.38402474,0.7048054586510731
whole corpus,0.27315265,0.3712540015079637
whole corpus,0.33814222,0.5667708780551025
whole corpus,0.2693582,0.35983861139307416
whole corpus,0.5001147,1.0
whole corpus,0.42985302,0.8426768610595563
whole corpus,0.32614058,0.5306647453481104
whole corpus,0.35215664,0.6089323560513981
whole corpus,0.2346291,0.25535839735350085
whole corpus,0.3187984,0.50857624655471
whole corpus,0.22467938,0.22542533134249967
whole corpus,0.32197285,0.5181263844649344
whole corpus,0.2633229,0.3416818103346753
whole corpus,0.3557437,0.6197238137450097
whole corpus,0.33302453,0.5513746574322755
whole corpus,0.22688748,0.2320682525942754
whole corpus,0.36223853,0.6392630568214691
whole corpus,0.2845704,0.40560354792415604
whole corpus,0.3753643,0.6787511022933125
whole corpus,0.42080748,0.8154639395706342
whole corpus,0.16974753,0.06016644264782072
whole corpus,0.34280777,0.5808068919293727
whole corpus,0.40397865,0.7648354861273212
whole corpus,0.4501878,0.903852722182008
whole corpus,0.23791856,0.2652545268162057
whole corpus,0.30762255,0.47495445692304306
whole corpus,0.25580478,0.31906405833207774
whole corpus,0.26038742,0.33285064269118847
whole corpus,0.3361541,0.5607897698752713
whole corpus,0.38888967,0.7194412868518772
whole corpus,0.2145456,0.1949384905650058
whole corpus,0.33159965,0.5470880023103162
whole corpus,0.33633208,0.5613252095102579
whole corpus,0.34840545,0.5976471498531195
whole corpus,0.38418952,0.7053011796393251
whole corpus,0.26668176,0.3517867540823574
whole corpus,0.24919255,0.2991716062063837
whole corpus,0.32693964,0.5330686648881738
whole corpus,0.2093472,0.17929947514453262
whole corpus,0.32745165,0.5346089952513803
whole corpus,0.22082391,0.21382641059585905
whole corpus,0.47039717,0.9646513009896532
whole corpus,0.24835181,0.2966422994711547
whole corpus,0.33104122,0.5454079842459529
whole corpus,0.32722837,0.5339372749323382
whole corpus,0.2460813,0.2898115888162512
whole corpus,0.20720015,0.17284021901202512
whole corpus,0.2838746,0.4035102945487323
whole corpus,0.6179319,1.0
whole corpus,0.3417833,0.5777247966694435
whole corpus,0.30257457,0.459767947168641
whole corpus,0.40797657,0.7768629737619785
whole corpus,0.2519644,0.30751050470789243
whole corpus,0.21358848,0.19205906799343683
whole corpus,0.24254315,0.279167305295585
whole corpus,0.29457685,0.4357073234236057
whole corpus,0.12673,0.0
whole corpus,0.38350278,0.7032351824007125
whole corpus,0.32664764,0.5321901924260845
whole corpus,0.29953295,0.45061741650107145
whole corpus,0.3491798,0.5999767426253658
whole corpus,0.11133924,0.0
whole corpus,0.3354122,0.5585578150404832
whole corpus,0.35240048,0.6096659406283338
whole corpus,0.41964614,0.8119701331915058
whole corpus,0.30415177,0.464512846090737
whole corpus,0.29396755,0.43387425856471423
whole corpus,0.30059358,0.4538082673332107
whole corpus,0.19155262,0.1257656430388387
whole corpus,0.32102653,0.5152794630433458
whole corpus,0.37881783,0.6891408009439948
whole corpus,0.22927341,0.23924616518931383
whole corpus,0.39296103,0.7316896926480561
whole corpus,0.2920292,0.42804287982065464
whole corpus,0.22348434,0.22183012137543254
whole corpus,0.28461036,0.40572377976449714
whole corpus,0.30294898,0.4608943249540288
whole corpus,0.25802267,0.3257364323501115
whole corpus,0.2034108,0.1614402053032642
whole corpus,0.22971924,0.24058740919795096
whole corpus,0.27172428,0.3669568563596659
whole corpus,0.38742578,0.7150372689566096
whole corpus,0.26391897,0.3434750668884874
whole corpus,0.313773,0.4934576978256462
whole corpus,0.43902493,0.8702699339303175
whole corpus,0.23276196,0.24974125722427717
whole corpus,0.32927853,0.5401050517859876
whole corpus,0.32172275,0.5173739716355964
whole corpus,0.35617828,0.621031211728495
whole corpus,0.4619605,0.9392700994844511
whole corpus,0.2519706,0.3075291536436053
whole corpus,0.252977,0.31055691594660184
whole corpus,0.29869282,0.4480899477619103
whole corpus,0.19965541,0.15014235727837252
whole corpus,0.21515357,0.19676756562755485
whole corpus,0.30676645,0.4723789313110834
whole corpus,0.17705008,0.08213569584267255
whole corpus,0.1662852,0.04975024995625794
whole corpus,0.22012839,0.21173396414553827
whole corpus,0.23977989,0.270854228397371
whole corpus,0.4566421,0.9232700299095755
whole corpus,0.21036562,0.18236332493130042
whole corpus,0.33798206,0.5662890541102904
whole corpus,0.41417,0.7954955019977448
whole corpus,0.401057,0.7560459199558092
whole corpus,0.23785378,0.2650596544038408
whole corpus,0.2293203,0.2393872425948147
whole corpus,0.32916462,0.5397623775922638
whole corpus,0.58937263,1.0
whole corpus,0.37553695,0.6792704930845846
whole corpus,0.22277087,0.21968370060155817
whole corpus,0.34133115,0.5763645899208868
whole corpus,0.28899005,0.4188997907957012
whole corpus,0.17696254,0.0818723244549008
whole corpus,0.16825226,0.0556680145155067
whole corpus,0.33360928,0.5531338438150738
whole corpus,0.31906915,0.5093907926169761
whole corpus,0.40205735,0.759055391956472
whole corpus,0.17854357,0.08662874447430018
whole corpus,0.324414,0.5254704788020103
whole corpus,0.40224573,0.7596221223537843
whole corpus,0.30617803,0.47060871695187806
whole corpus,0.36067706,0.6345654975054135
whole corpus,0.281507,0.39638747700655713
whole corpus,0.13828011,0.0
whole corpus,0.42443755,0.826384774255754
whole corpus,0.3761431,0.6810940541589301
whole corpus,0.33471173,0.55645048530493
whole corpus,0.28236908,0.39898102394581625
whole corpus,0.2622027,0.33831182212967886
whole corpus,0.28793818,0.41573529951692534
whole corpus,0.1646967,0.044971325692320444
whole corpus,0.14752921,0.0
whole corpus,0.2900064,0.42195740932750725
whole corpus,0.3666109,0.6524171015582038
whole corpus,0.37209582,0.6689180923053281
whole corpus,0.26239604,0.3388934358122237
whole corpus,0.500212,1.0
whole corpus,0.2598645,0.331277497373795
whole corpus,0.29360604,0.43278670284261334
whole corpus,0.281431,0.39615884822738506
whole corpus,0.36809704,0.6568880045786724
whole corpus,0.31685212,0.5027210186909407
whole corpus,0.31942648,0.5104657961708087
whole corpus,0.5734892,1.0
whole corpus,0.2867226,0.41207831495030933
whole corpus,0.31858605,0.5079374308481998
whole corpus,0.20693874,0.17205378084084555
whole corpus,0.25644147,0.3209795192098159
whole corpus,0.23496498,0.25636889172826904
whole corpus,0.42225602,0.8198217834183437
whole corpus,0.178104,0.08530632871806544
whole corpus,0.23347136,0.2518754396340899
whole corpus,0.22836727,0.23652010321647968
whole corpus,0.26486903,0.34633328526151747
whole corpus,0.31817877,0.5067121599085269
whole corpus,0.27578714,0.37917970952758434
whole corpus,0.3128844,0.49078435495953876
whole corpus,0.16439898,0.04407568365720692
whole corpus,0.1445904,0.0
whole corpus,0.31185997,0.4877024390162991
whole corpus,0.23642996,0.26077618215312093
whole corpus,0.32995242,0.5421324062780029
whole corpus,0.22417538,0.22390907424486492
whole corpus,0.4545461,0.9169643585216648
whole corpus,0.255005,0.31665798699173975
whole corpus,0.6404619,1.0
whole corpus,0.31512037,0.49751115159285
whole corpus,0.24491942,0.2863161685869168
whole corpus,0.278684,0.38789467995624494
whole corpus,0.42422742,0.825752593266757
whole corpus,0.29715958,0.443477294898355
whole corpus,0.48109984,0.9968495850813535
whole corpus,0.45671475,0.923488616954133
whole corpus,0.24695264,0.29243297467156243
whole corpus,0.20796245,0.17513354498381062
whole corpus,0.3016966,0.4571266123316177
whole corpus,0.16625147,0.049648756709974484
whole corpus,0.31814396,0.5066074389618317
whole corpus,0.32825008,0.5370110319662035
whole corpus,0.24693787,0.2923885489617272
whole corpus,0.3405478,0.5740079203285189
whole corpus,0.24531753,0.2875138695855718
whole corpus,0.48118103,0.9970938144125162
whole corpus,0.3184504,0.5075293060627915
whole corpus,0.20648935,0.17070182266000797
whole corpus,0.29547048,0.43839572889163503
whole corpus,0.26120615,0.3353137367388023
whole corpus,0.40352586,0.7634733068951794
whole corpus,0.44497913,0.888182774632588
whole corpus,0.26997116,0.36168270422837273
whole corpus,0.11698548,0.0
whole corpus,0.30685663,0.4726502374623676
whole corpus,0.12814502,0.0
whole corpus,0.28251058,0.39940672176680014
whole corpus,0.22092295,0.21412434527554094
whole corpus,0.1677028,0.05401498361292018
whole corpus,0.43502474,0.8582356322614574
whole corpus,0.34814566,0.59686559806173
whole corpus,0.40199316,0.7588622678818301
whole corpus,0.30343765,0.46236445283327765
whole corpus,0.20950636,0.17977829553479477
whole corpus,0.2687583,0.3580338785711311
whole corpus,0.33348206,0.5527510923412362
whole corpus,0.2684716,0.35717136529441135
whole corpus,0.3087423,0.4783231899112127
whole corpus,0.21988462,0.21100060371446452
whole corpus,0.3066072,0.4718997971166145
whole corpus,0.28593144,0.4096981548716108
whole corpus,0.32505596,0.5274017195484286
whole corpus,0.51274437,1.0
whole corpus,0.27520916,0.3774408755890497
whole corpus,0.4737706,0.9747999980095847
whole corpus,0.43389827,0.8548467261457138
whole corpus,0.28983364,0.4214376599028561
whole corpus,0.33488837,0.5569818903144018
whole corpus,0.37207937,0.6688686008990132
whole corpus,0.17875284,0.08725832537129874
whole corpus,0.15996657,0.03074106701409873
whole corpus,0.32338202,0.5223657896391982
whole corpus,0.40299407,0.7618734433910436
whole corpus,0.41986948,0.8126420328272373
whole corpus,0.30606237,0.47026075291581265
whole corpus,0.3898064,0.7221991775371059
whole corpus,0.18470716,0.10517152470694834
whole corpus,0.38947996,0.7212171496868033
whole corpus,0.3489858,0.5993930668008912
whole corpus,0.16135451,0.03491659061771148
whole corpus,0.1404604,0.0
whole corpus,0.24359357,0.28232744814463934
whole corpus,0.22081836,0.21380968931455882
whole corpus,0.35295483,0.6113336754994632
whole corpus,0.21462694,0.1951832130170647
whole corpus,0.43902493,0.8702699339303175
whole corpus,0.37320867,0.6722660245575103
whole corpus,0.32262927,0.5201011991669126
whole corpus,0.26011217,0.3320225582188617
whole corpus,0.23300847,0.25048286622307003
whole corpus,0.35588673,0.6201540841415771
whole corpus,0.19517526,0.1366641079669374
whole corpus,0.15730663,0.022738790768041625
whole corpus,0.0836976,0.0
whole corpus,0.29509783,0.43727464094858887
whole corpus,0.36615017,0.6510309835480076
whole corpus,0.24490383,0.2862692772726003
whole corpus,0.09610894,0.0
whole corpus,0.21062279,0.18313698678834978
whole corpus,0.21045098,0.18262010643073134
whole corpus,0.24300125,0.28054548854226874
whole corpus,0.27910632,0.38916522836002826
whole corpus,0.39817563,0.747377482208086
whole corpus,0.30856982,0.47780424741166444
whole corpus,0.21329251,0.19116867097149254
whole corpus,0.2450031,0.2865679292190404
whole corpus,0.16028096,0.03168687289311295
whole corpus,0.3266031,0.532056242858993
whole corpus,0.13534349,0.0
whole corpus,0.26486817,0.34633068516951904
whole corpus,0.19017571,0.1216232930227921
whole corpus,0.4730894,0.9727506772230999
whole corpus,0.5101087,1.0
whole corpus,0.5027119,1.0
whole corpus,0.2535597,0.3123099159036106
whole corpus,0.4969977,1.0
whole corpus,0.32607594,0.530470276398297
whole corpus,0.286694,0.4119922429393269
whole corpus,0.43409836,0.8554486922725221
whole corpus,0.22972235,0.2405967784949798
whole corpus,0.3650337,0.647672112977763
whole corpus,0.258507,0.32719355976936826
whole corpus,0.3005996,0.4538263783188549
whole corpus,0.27972066,0.39101344547918643
whole corpus,0.24412484,0.28392574262774173
whole corpus,0.5492611,1.0
whole corpus,0.6062733,1.0
whole corpus,0.40678442,0.7732764606543544
whole corpus,0.35596853,0.62040019629798
whole corpus,0.20031558,0.1521284241026197
whole corpus,0.29399246,0.4339492129409448
whole corpus,0.15036078,0.0018426583017821883
whole corpus,0.3993836,0.7510116038967848
whole corpus,0.31969702,0.5112797146246613
whole corpus,0.24880531,0.298006630503571
whole corpus,0.18661344,0.11090643107203182
whole corpus,0.23530439,0.2573899657877205
whole corpus,0.35075992,0.6047304280652496
retrieved candidates,0.5614769,1.0
retrieved candidates,0.5616475,1.0
retrieved candidates,0.5619244,1.0
retrieved candidates,0.5619493,1.0
retrieved candidates,0.5623789,1.0
retrieved candidates,0.56239665,1.0
retrieved candidates,0.562611,1.0
retrieved candidates,0.5626443,1.0
retrieved candidates,0.56291115,1.0
retrieved candidates,0.5629335,1.0
retrieved candidates,0.56308985,1.0
retrieved candidates,0.56349826,1.0
retrieved candidates,0.56399626,1.0
retrieved candidates,0.56401795,1.0
retrieved candidates,0.5640474,1.0
retrieved candidates,0.56415725,1.0
retrieved candidates,0.5641912,1.0
retrieved candidates,0.5642385,1.0
retrieved candidates,0.56430745,1.0
retrieved candidates,0.5644391,1.0
retrieved candidates,0.5649141,1.0
retrieved candidates,0.5649934,1.0
retrieved candidates,0.5652328,1.0
retrieved candidates,0.5652328,1.0
retrieved candidates,0.5652328,1.0
retrieved candidates,0.5652328,1.0
retrieved candidates,0.5665879,1.0
retrieved candidates,0.5668148,1.0
retrieved candidates,0.5670538,1.0
retrieved candidates,0.5671631,1.0
retrieved candidates,0.5672746,1.0
retrieved candidates,0.56751347,1.0
retrieved candidates,0.56783646,1.0
retrieved candidates,0.5686205,1.0
retrieved candidates,0.56880176,1.0
retrieved candidates,0.5689018,1.0
retrieved candidates,0.56896514,1.0
retrieved candidates,0.5694796,1.0
retrieved candidates,0.5694821,1.0
retrieved candidates,0.5695686,1.0
retrieved candidates,0.5707208,1.0
retrieved candidates,0.5710408,1.0
retrieved candidates,0.5713389,1.0
retrieved candidates,0.57142067,1.0
retrieved candidates,0.571422,1.0
retrieved candidates,0.5717539,1.0
retrieved candidates,0.5719834,1.0
retrieved candidates,0.57274866,1.0
retrieved candidates,0.572997,1.0
retrieved candidates,0.5730567,1.0
retrieved candidates,0.5734892,1.0
retrieved candidates,0.57351696,1.0
retrieved candidates,0.57378155,1.0
retrieved candidates,0.57418156,1.0
retrieved candidates,0.57435924,1.0
retrieved candidates,0.57476366,1.0
retrieved candidates,0.5748154,1.0
retrieved candidates,0.57525766,1.0
retrieved candidates,0.5755793,1.0
retrieved candidates,0.57675916,1.0
retrieved candidates,0.5769628,1.0
retrieved candidates,0.57712996,1.0
retrieved candidates,0.5771464,1.0
retrieved candidates,0.57749575,1.0
retrieved candidates,0.57758856,1.0
retrieved candidates,0.5779893,1.0
retrieved candidates,0.5781083,1.0
retrieved candidates,0.5781576,1.0
retrieved candidates,0.57851857,1.0
retrieved candidates,0.5785301,1.0
retrieved candidates,0.57862693,1.0
retrieved candidates,0.5787083,1.0
retrieved candidates,0.5793086,1.0
retrieved candidates,0.5796509,1.0
retrieved candidates,0.57966244,1.0
retrieved candidates,0.5801226,1.0
retrieved candidates,0.58013713,1.0
retrieved candidates,0.58029944,1.0
retrieved candidates,0.5811425,1.0
retrieved candidates,0.58159995,1.0
retrieved candidates,0.58185804,1.0
retrieved candidates,0.5820813,1.0
retrieved candidates,0.5822433,1.0
retrieved candidates,0.58239686,1.0
retrieved candidates,0.58267003,1.0
retrieved candidates,0.5830158,1.0
retrieved candidates,0.5832132,1.0
retrieved candidates,0.5833261,1.0
retrieved candidates,0.58336824,1.0
retrieved candidates,0.58375627,1.0
retrieved candidates,0.5842912,1.0
retrieved candidates,0.5845053,1.0
retrieved candidates,0.5846273,1.0
retrieved candidates,0.5846917,1.0
retrieved candidates,0.5848527,1.0
retrieved candidates,0.5850389,1.0
retrieved candidates,0.5853055,1.0
retrieved candidates,0.5854436,1.0
retrieved candidates,0.58552754,1.0
retrieved candidates,0.5863352,1.0
retrieved candidates,0.58731836,1.0
retrieved candidates,0.58748657,1.0
retrieved candidates,0.58818173,1.0
retrieved candidates,0.5885048,1.0
retrieved candidates,0.58868456,1.0
retrieved candidates,0.58877134,1.0
retrieved candidates,0.58937263,1.0
retrieved candidates,0.5907879,1.0
retrieved candidates,0.5908588,1.0
retrieved candidates,0.59183717,1.0
retrieved candidates,0.59195054,1.0
retrieved candidates,0.5922608,1.0
retrieved candidates,0.5923109,1.0
retrieved candidates,0.5930573,1.0
retrieved candidates,0.59312135,1.0
retrieved candidates,0.5939834,1.0
retrieved candidates,0.5946491,1.0
retrieved candidates,0.59482443,1.0
retrieved candidates,0.59522957,1.0
retrieved candidates,0.59542894,1.0
retrieved candidates,0.5956297,1.0
retrieved candidates,0.5956458,1.0
retrieved candidates,0.59584594,1.0
retrieved candidates,0.5961398,1.0
retrieved candidates,0.59644175,1.0
retrieved candidates,0.5969377,1.0
retrieved candidates,0.5978941,1.0
retrieved candidates,0.5981016,1.0
retrieved candidates,0.59819806,1.0
retrieved candidates,0.59839326,1.0
retrieved candidates,0.5987652,1.0
retrieved candidates,0.5992446,1.0
retrieved candidates,0.59951025,1.0
retrieved candidates,0.6022248,1.0
retrieved candidates,0.6034963,1.0
retrieved candidates,0.60376954,1.0
retrieved candidates,0.60506874,1.0
retrieved candidates,0.60546285,1.0
retrieved candidates,0.60586625,1.0
retrieved candidates,0.6062733,1.0
retrieved candidates,0.60688233,1.0
retrieved candidates,0.6070132,1.0
retrieved candidates,0.6088608,1.0
retrieved candidates,0.60917276,1.0
retrieved candidates,0.6107675,1.0
retrieved candidates,0.61091256,1.0
retrieved candidates,0.61201906,1.0
retrieved candidates,0.6122766,1.0
retrieved candidates,0.61345696,1.0
retrieved candidates,0.6139976,1.0
retrieved candidates,0.6144215,1.0
retrieved candidates,0.6145431,1.0
retrieved candidates,0.614553,1.0
retrieved candidates,0.61518955,1.0
retrieved candidates,0.61654735,1.0
retrieved candidates,0.616952,1.0
retrieved candidates,0.61713594,1.0
retrieved candidates,0.61723304,1.0
retrieved candidates,0.61773324,1.0
retrieved candidates,0.6179254,1.0
retrieved candidates,0.6179319,1.0
retrieved candidates,0.61970466,1.0
retrieved candidates,0.61989605,1.0
retrieved candidates,0.6208905,1.0
retrieved candidates,0.62185633,1.0
retrieved candidates,0.6223327,1.0
retrieved candidates,0.6242024,1.0
retrieved candidates,0.6242387,1.0
retrieved candidates,0.6267733,1.0
retrieved candidates,0.62679595,1.0
retrieved candidates,0.6268882,1.0
retrieved candidates,0.62823457,1.0
retrieved candidates,0.63009775,1.0
retrieved candidates,0.63016415,1.0
retrieved candidates,0.63080084,1.0
retrieved candidates,0.63080084,1.0
retrieved candidates,0.63080084,1.0
retrieved candidates,0.63080084,1.0
retrieved candidates,0.6312385,1.0
retrieved candidates,0.6312385,1.0
retrieved candidates,0.6320888,1.0
retrieved candidates,0.63246834,1.0
retrieved candidates,0.6349963,1.0
retrieved candidates,0.6368621,1.0
retrieved candidates,0.63844573,1.0
retrieved candidates,0.639766,1.0
retrieved candidates,0.63991827,1.0
retrieved candidates,0.6404619,1.0
retrieved candidates,0.642061,1.0
retrieved candidates,0.6422141,1.0
retrieved candidates,0.6426134,1.0
retrieved candidates,0.6446777,1.0
retrieved candidates,0.6485894,1.0
retrieved candidates,0.64876723,1.0
retrieved candidates,0.654275,1.0
retrieved candidates,0.65506554,1.0
retrieved candidates,0.6576686,1.0
retrieved candidates,0.6584764,1.0
retrieved candidates,0.66091037,1.0
retrieved candidates,0.6757119,1.0
